#399300.SZ#,#601618.SH#,#2019-01-02#,0.2366
#399300.SZ#,#002311.SZ#,#2019-01-02#,0.1963
#399300.SZ#,#002310.SZ#,#2019-01-02#,0.1003
#399300.SZ#,#601989.SH#,#2019-01-02#,0.4207
#399300.SZ#,#601888.SH#,#2019-01-02#,0.6300
#399300.SZ#,#600999.SH#,#2019-01-02#,0.4107
#399300.SZ#,#002294.SZ#,#2019-01-02#,0.0904
#399300.SZ#,#601727.SH#,#2019-01-02#,0.1883
#399300.SZ#,#601633.SH#,#2019-01-02#,0.0730
#399300.SZ#,#601766.SH#,#2019-01-02#,0.9283
#399300.SZ#,#601788.SH#,#2019-01-02#,0.1845
#399300.SZ#,#002271.SZ#,#2019-01-02#,0.1267
#399300.SZ#,#601668.SH#,#2019-01-02#,1.2687
#399300.SZ#,#601229.SH#,#2019-01-02#,0.6492
#399300.SZ#,#601997.SH#,#2019-01-02#,0.1573
#399300.SZ#,#601838.SH#,#2019-01-02#,0.0340
#399300.SZ#,#601288.SH#,#2019-01-02#,1.4553
#399300.SZ#,#601198.SH#,#2019-01-02#,0.1411
#399300.SZ#,#002673.SZ#,#2019-01-02#,0.1449
#399300.SZ#,#601878.SH#,#2019-01-02#,0.1032
#399300.SZ#,#600909.SH#,#2019-01-02#,0.0914
#399300.SZ#,#002797.SZ#,#2019-01-02#,0.1225
#399300.SZ#,#601901.SH#,#2019-01-02#,0.2354
#399300.SZ#,#002241.SZ#,#2019-01-02#,0.1446
#399300.SZ#,#002252.SZ#,#2019-01-02#,0.1279
#399300.SZ#,#002236.SZ#,#2019-01-02#,0.2176
#399300.SZ#,#002230.SZ#,#2019-01-02#,0.3958
#399300.SZ#,#601186.SH#,#2019-01-02#,0.5318
#399300.SZ#,#601899.SH#,#2019-01-02#,0.3932
#399300.SZ#,#300024.SZ#,#2019-01-02#,0.1557
#399300.SZ#,#601601.SH#,#2019-01-02#,0.9295
#399300.SZ#,#601898.SH#,#2019-01-02#,0.0915
#399300.SZ#,#002202.SZ#,#2019-01-02#,0.2424
#399300.SZ#,#600547.SH#,#2019-01-02#,0.2445
#399300.SZ#,#601390.SH#,#2019-01-02#,0.5527
#399300.SZ#,#600487.SH#,#2019-01-02#,0.2468
#399300.SZ#,#601857.SH#,#2019-01-02#,0.6256
#399300.SZ#,#600489.SH#,#2019-01-02#,0.1598
#399300.SZ#,#002304.SZ#,#2019-01-02#,0.5926
#399300.SZ#,#600352.SH#,#2019-01-02#,0.2643
#399300.SZ#,#601088.SH#,#2019-01-02#,0.3795
#399300.SZ#,#600029.SH#,#2019-01-02#,0.2443
#399300.SZ#,#601009.SH#,#2019-01-02#,0.4082
#399300.SZ#,#600271.SH#,#2019-01-02#,0.2775
#399300.SZ#,#002142.SZ#,#2019-01-02#,0.4494
#399300.SZ#,#600031.SH#,#2019-01-02#,0.4742
#399300.SZ#,#601919.SH#,#2019-01-02#,0.1681
#399300.SZ#,#600436.SH#,#2019-01-02#,0.2747
#399300.SZ#,#601600.SH#,#2019-01-02#,0.2484
#399300.SZ#,#600570.SH#,#2019-01-02#,0.2695
#399300.SZ#,#601328.SH#,#2019-01-02#,1.6812
#399300.SZ#,#600004.SH#,#2019-01-02#,0.1105
#399300.SZ#,#601998.SH#,#2019-01-02#,0.1763
#399300.SZ#,#600030.SH#,#2019-01-02#,1.3599
#399300.SZ#,#000338.SZ#,#2019-01-02#,0.3951
#399300.SZ#,#600549.SH#,#2019-01-02#,0.1084
#399300.SZ#,#601318.SH#,#2019-01-02#,6.4508
#399300.SZ#,#600522.SH#,#2019-01-02#,0.2186
#399300.SZ#,#601166.SH#,#2019-01-02#,1.9827
#399300.SZ#,#600050.SH#,#2019-01-02#,0.5193
#399300.SZ#,#002120.SZ#,#2019-01-02#,0.0450
#399300.SZ#,#600516.SH#,#2019-01-02#,0.1963
#399300.SZ#,#601628.SH#,#2019-01-02#,0.3587
#399300.SZ#,#600535.SH#,#2019-01-02#,0.1751
#399300.SZ#,#601333.SH#,#2019-01-02#,0.1160
#399300.SZ#,#600893.SH#,#2019-01-02#,0.2088
#399300.SZ#,#601991.SH#,#2019-01-02#,0.0837
#399300.SZ#,#600887.SH#,#2019-01-02#,1.4746
#399300.SZ#,#601398.SH#,#2019-01-02#,1.2104
#399300.SZ#,#600886.SH#,#2019-01-02#,0.3410
#399300.SZ#,#002085.SZ#,#2019-01-02#,0.1109
#399300.SZ#,#600867.SH#,#2019-01-02#,0.2116
#399300.SZ#,#600018.SH#,#2019-01-02#,0.1796
#399300.SZ#,#601607.SH#,#2019-01-02#,0.2041
#399300.SZ#,#002081.SZ#,#2019-01-02#,0.1352
#399300.SZ#,#600837.SH#,#2019-01-02#,0.7650
#399300.SZ#,#601111.SH#,#2019-01-02#,0.2419
#399300.SZ#,#600816.SH#,#2019-01-02#,0.1039
#399300.SZ#,#601006.SH#,#2019-01-02#,0.5256
#399300.SZ#,#600809.SH#,#2019-01-02#,0.0959
#399300.SZ#,#600048.SH#,#2019-01-02#,0.9017
#399300.SZ#,#600795.SH#,#2019-01-02#,0.3245
#399300.SZ#,#002146.SZ#,#2019-01-02#,0.1473
#399300.SZ#,#600760.SH#,#2019-01-02#,0.1263
#399300.SZ#,#002153.SZ#,#2019-01-02#,0.0881
#399300.SZ#,#600741.SH#,#2019-01-02#,0.3105
#399300.SZ#,#002065.SZ#,#2019-01-02#,0.1376
#399300.SZ#,#600739.SH#,#2019-01-02#,0.1343
#399300.SZ#,#601988.SH#,#2019-01-02#,0.8052
#399300.SZ#,#600705.SH#,#2019-01-02#,0.2034
#399300.SZ#,#002050.SZ#,#2019-01-02#,0.1451
#399300.SZ#,#600704.SH#,#2019-01-02#,0.0838
#399300.SZ#,#002044.SZ#,#2019-01-02#,0.2886
#399300.SZ#,#600703.SH#,#2019-01-02#,0.2939
#399300.SZ#,#600027.SH#,#2019-01-02#,0.1603
#399300.SZ#,#600688.SH#,#2019-01-02#,0.1189
#399300.SZ#,#002032.SZ#,#2019-01-02#,0.0922
#399300.SZ#,#600674.SH#,#2019-01-02#,0.1610
#399300.SZ#,#002027.SZ#,#2019-01-02#,0.3976
#399300.SZ#,#600660.SH#,#2019-01-02#,0.3395
#399300.SZ#,#002024.SZ#,#2019-01-02#,0.4031
#399300.SZ#,#600690.SH#,#2019-01-02#,0.5342
#399300.SZ#,#600482.SH#,#2019-01-02#,0.1646
#399300.SZ#,#600637.SH#,#2019-01-02#,0.2286
#399300.SZ#,#002008.SZ#,#2019-01-02#,0.2700
#399300.SZ#,#600606.SH#,#2019-01-02#,0.2387
#399300.SZ#,#002007.SZ#,#2019-01-02#,0.1800
#399300.SZ#,#600588.SH#,#2019-01-02#,0.2254
#399300.SZ#,#002001.SZ#,#2019-01-02#,0.1335
#399300.SZ#,#600585.SH#,#2019-01-02#,0.6220
#399300.SZ#,#600438.SH#,#2019-01-02#,0.1735
#399300.SZ#,#600583.SH#,#2019-01-02#,0.1157
#399300.SZ#,#000100.SZ#,#2019-01-02#,0.2936
#399300.SZ#,#600566.SH#,#2019-01-02#,0.1062
#399300.SZ#,#600340.SH#,#2019-01-02#,0.4891
#399300.SZ#,#600519.SH#,#2019-01-02#,3.2481
#399300.SZ#,#600900.SH#,#2019-01-02#,1.0983
#399300.SZ#,#600518.SH#,#2019-01-02#,0.2670
#399300.SZ#,#600406.SH#,#2019-01-02#,0.3585
#399300.SZ#,#600498.SH#,#2019-01-02#,0.2155
#399300.SZ#,#600015.SH#,#2019-01-02#,0.5058
#399300.SZ#,#600415.SH#,#2019-01-02#,0.1031
#399300.SZ#,#600398.SH#,#2019-01-02#,0.1606
#399300.SZ#,#600390.SH#,#2019-01-02#,0.0391
#399300.SZ#,#600383.SH#,#2019-01-02#,0.2290
#399300.SZ#,#600372.SH#,#2019-01-02#,0.0741
#399300.SZ#,#600369.SH#,#2019-01-02#,0.1075
#399300.SZ#,#600362.SH#,#2019-01-02#,0.1455
#399300.SZ#,#600346.SH#,#2019-01-02#,0.1100
#399300.SZ#,#600339.SH#,#2019-01-02#,0.0651
#399300.SZ#,#600332.SH#,#2019-01-02#,0.2080
#399300.SZ#,#600309.SH#,#2019-01-02#,0.5035
#399300.SZ#,#600297.SH#,#2019-01-02#,0.1096
#399300.SZ#,#600276.SH#,#2019-01-02#,1.2629
#399300.SZ#,#600233.SH#,#2019-01-02#,0.0396
#399300.SZ#,#600221.SH#,#2019-01-02#,0.2322
#399300.SZ#,#600219.SH#,#2019-01-02#,0.1633
#399300.SZ#,#600208.SH#,#2019-01-02#,0.1336
#399300.SZ#,#600196.SH#,#2019-01-02#,0.2339
#399300.SZ#,#600188.SH#,#2019-01-02#,0.0828
#399300.SZ#,#601138.SH#,#2019-01-02#,0.1479
#399300.SZ#,#001965.SZ#,#2019-01-02#,0.0475
#399300.SZ#,#603259.SH#,#2019-01-02#,0.0814
#399300.SZ#,#601066.SH#,#2019-01-02#,0.0424
#399300.SZ#,#002925.SZ#,#2019-01-02#,0.0425
#399300.SZ#,#600025.SH#,#2019-01-02#,0.0610
#399300.SZ#,#603260.SH#,#2019-01-02#,0.0343
#399300.SZ#,#001979.SZ#,#2019-01-02#,0.4307
#399300.SZ#,#601155.SH#,#2019-01-02#,0.2354
#399300.SZ#,#601108.SH#,#2019-01-02#,0.0308
#399300.SZ#,#601228.SH#,#2019-01-02#,0.0792
#399300.SZ#,#603833.SH#,#2019-01-02#,0.1052
#399300.SZ#,#601881.SH#,#2019-01-02#,0.0948
#399300.SZ#,#300408.SZ#,#2019-01-02#,0.1824
#399300.SZ#,#603858.SH#,#2019-01-02#,0.1194
#399300.SZ#,#600977.SH#,#2019-01-02#,0.1119
#399300.SZ#,#601611.SH#,#2019-01-02#,0.0557
#399300.SZ#,#601212.SH#,#2019-01-02#,0.0267
#399300.SZ#,#603799.SH#,#2019-01-02#,0.1575
#399300.SZ#,#300433.SZ#,#2019-01-02#,0.0544
#399300.SZ#,#603160.SH#,#2019-01-02#,0.0719
#399300.SZ#,#603986.SH#,#2019-01-02#,0.0918
#399300.SZ#,#601985.SH#,#2019-01-02#,0.2656
#399300.SZ#,#601828.SH#,#2019-01-02#,0.0368
#399300.SZ#,#601021.SH#,#2019-01-02#,0.0944
#399300.SZ#,#600023.SH#,#2019-01-02#,0.2048
#399300.SZ#,#000333.SZ#,#2019-01-02#,1.8242
#399300.SZ#,#601808.SH#,#2019-01-02#,0.0535
#399300.SZ#,#601939.SH#,#2019-01-02#,0.4530
#399300.SZ#,#002179.SZ#,#2019-01-02#,0.1448
#399300.SZ#,#601169.SH#,#2019-01-02#,0.8864
#399300.SZ#,#002773.SZ#,#2019-01-02#,0.0492
#399300.SZ#,#002714.SZ#,#2019-01-02#,0.1958
#399300.SZ#,#601238.SH#,#2019-01-02#,0.1029
#399300.SZ#,#603288.SH#,#2019-01-02#,0.5889
#399300.SZ#,#603993.SH#,#2019-01-02#,0.2829
#399300.SZ#,#300296.SZ#,#2019-01-02#,0.1245
#399300.SZ#,#601360.SH#,#2019-01-02#,0.0890
#399300.SZ#,#601800.SH#,#2019-01-02#,0.2814
#399300.SZ#,#601555.SH#,#2019-01-02#,0.1748
#399300.SZ#,#601225.SH#,#2019-01-02#,0.3160
#399300.SZ#,#002625.SZ#,#2019-01-02#,0.0456
#399300.SZ#,#002624.SZ#,#2019-01-02#,0.1163
#399300.SZ#,#300251.SZ#,#2019-01-02#,0.0738
#399300.SZ#,#002602.SZ#,#2019-01-02#,0.1028
#399300.SZ#,#601669.SH#,#2019-01-02#,0.3249
#399300.SZ#,#002601.SZ#,#2019-01-02#,0.0801
#399300.SZ#,#002594.SZ#,#2019-01-02#,0.4811
#399300.SZ#,#603156.SH#,#2019-01-02#,0.0271
#399300.SZ#,#002572.SZ#,#2019-01-02#,0.1132
#399300.SZ#,#601992.SH#,#2019-01-02#,0.1210
#399300.SZ#,#601216.SH#,#2019-01-02#,0.0951
#399300.SZ#,#002558.SZ#,#2019-01-02#,0.1298
#399300.SZ#,#002555.SZ#,#2019-01-02#,0.0658
#399300.SZ#,#601933.SH#,#2019-01-02#,0.3264
#399300.SZ#,#601211.SH#,#2019-01-02#,0.7495
#399300.SZ#,#002736.SZ#,#2019-01-02#,0.2203
#399300.SZ#,#000166.SZ#,#2019-01-02#,0.2948
#399300.SZ#,#300144.SZ#,#2019-01-02#,0.1530
#399300.SZ#,#600919.SH#,#2019-01-02#,0.4440
#399300.SZ#,#600926.SH#,#2019-01-02#,0.1630
#399300.SZ#,#002508.SZ#,#2019-01-02#,0.1019
#399300.SZ#,#300142.SZ#,#2019-01-02#,0.2446
#399300.SZ#,#300136.SZ#,#2019-01-02#,0.1835
#399300.SZ#,#600958.SH#,#2019-01-02#,0.3110
#399300.SZ#,#002493.SZ#,#2019-01-02#,0.1351
#399300.SZ#,#600998.SH#,#2019-01-02#,0.0878
#399300.SZ#,#300122.SZ#,#2019-01-02#,0.1868
#399300.SZ#,#601818.SH#,#2019-01-02#,0.6273
#399300.SZ#,#002475.SZ#,#2019-01-02#,0.3767
#399300.SZ#,#601336.SH#,#2019-01-02#,0.3697
#399300.SZ#,#601377.SH#,#2019-01-02#,0.2271
#399300.SZ#,#002468.SZ#,#2019-01-02#,0.0534
#399300.SZ#,#601018.SH#,#2019-01-02#,0.1416
#399300.SZ#,#300124.SZ#,#2019-01-02#,0.2177
#399300.SZ#,#002460.SZ#,#2019-01-02#,0.1849
#399300.SZ#,#002450.SZ#,#2019-01-02#,0.1660
#399300.SZ#,#002466.SZ#,#2019-01-02#,0.2146
#399300.SZ#,#600177.SH#,#2019-01-02#,0.1940
#399300.SZ#,#600176.SH#,#2019-01-02#,0.2148
#399300.SZ#,#600170.SH#,#2019-01-02#,0.1465
#399300.SZ#,#600157.SH#,#2019-01-02#,0.0878
#399300.SZ#,#600153.SH#,#2019-01-02#,0.1294
#399300.SZ#,#600118.SH#,#2019-01-02#,0.1154
#399300.SZ#,#600115.SH#,#2019-01-02#,0.2003
#399300.SZ#,#600111.SH#,#2019-01-02#,0.2044
#399300.SZ#,#600109.SH#,#2019-01-02#,0.1870
#399300.SZ#,#600104.SH#,#2019-01-02#,0.9547
#399300.SZ#,#600100.SH#,#2019-01-02#,0.2241
#399300.SZ#,#600089.SH#,#2019-01-02#,0.2774
#399300.SZ#,#600085.SH#,#2019-01-02#,0.1578
#399300.SZ#,#600068.SH#,#2019-01-02#,0.1878
#399300.SZ#,#600066.SH#,#2019-01-02#,0.1706
#399300.SZ#,#600061.SH#,#2019-01-02#,0.0804
#399300.SZ#,#600038.SH#,#2019-01-02#,0.1193
#399300.SZ#,#600036.SH#,#2019-01-02#,2.7349
#399300.SZ#,#600028.SH#,#2019-01-02#,0.6716
#399300.SZ#,#600019.SH#,#2019-01-02#,0.6104
#399300.SZ#,#600016.SH#,#2019-01-02#,1.5136
#399300.SZ#,#600011.SH#,#2019-01-02#,0.3413
#399300.SZ#,#600010.SH#,#2019-01-02#,0.2893
#399300.SZ#,#600009.SH#,#2019-01-02#,0.5238
#399300.SZ#,#600000.SH#,#2019-01-02#,1.2290
#399300.SZ#,#000983.SZ#,#2019-01-02#,0.0911
#399300.SZ#,#000963.SZ#,#2019-01-02#,0.1873
#399300.SZ#,#000961.SZ#,#2019-01-02#,0.1115
#399300.SZ#,#000959.SZ#,#2019-01-02#,0.0647
#399300.SZ#,#000938.SZ#,#2019-01-02#,0.0692
#399300.SZ#,#000898.SZ#,#2019-01-02#,0.0997
#399300.SZ#,#000895.SZ#,#2019-01-02#,0.2564
#399300.SZ#,#000876.SZ#,#2019-01-02#,0.1683
#399300.SZ#,#000858.SZ#,#2019-01-02#,1.0460
#399300.SZ#,#000839.SZ#,#2019-01-02#,0.1007
#399300.SZ#,#000826.SZ#,#2019-01-02#,0.0796
#399300.SZ#,#000792.SZ#,#2019-01-02#,0.1037
#399300.SZ#,#000786.SZ#,#2019-01-02#,0.1264
#399300.SZ#,#000783.SZ#,#2019-01-02#,0.2134
#399300.SZ#,#000776.SZ#,#2019-01-02#,0.3909
#399300.SZ#,#000768.SZ#,#2019-01-02#,0.1979
#399300.SZ#,#000728.SZ#,#2019-01-02#,0.1528
#399300.SZ#,#000725.SZ#,#2019-01-02#,0.6600
#399300.SZ#,#000709.SZ#,#2019-01-02#,0.1306
#399300.SZ#,#000703.SZ#,#2019-01-02#,0.1631
#399300.SZ#,#000671.SZ#,#2019-01-02#,0.0900
#399300.SZ#,#000661.SZ#,#2019-01-02#,0.2498
#399300.SZ#,#000651.SZ#,#2019-01-02#,1.8593
#399300.SZ#,#000627.SZ#,#2019-01-02#,0.0897
#399300.SZ#,#000625.SZ#,#2019-01-02#,0.1393
#399300.SZ#,#000568.SZ#,#2019-01-02#,0.3130
#399300.SZ#,#000630.SZ#,#2019-01-02#,0.1329
#399300.SZ#,#000553.SZ#,#2019-01-02#,0.0246
#399300.SZ#,#000538.SZ#,#2019-01-02#,0.4042
#399300.SZ#,#000503.SZ#,#2019-01-02#,0.1203
#399300.SZ#,#000425.SZ#,#2019-01-02#,0.1633
#399300.SZ#,#000423.SZ#,#2019-01-02#,0.1954
#399300.SZ#,#000415.SZ#,#2019-01-02#,0.0707
#399300.SZ#,#000413.SZ#,#2019-01-02#,0.1851
#399300.SZ#,#000408.SZ#,#2019-01-02#,0.0722
#399300.SZ#,#000402.SZ#,#2019-01-02#,0.0818
#399300.SZ#,#000157.SZ#,#2019-01-02#,0.1683
#399300.SZ#,#000069.SZ#,#2019-01-02#,0.2643
#399300.SZ#,#000063.SZ#,#2019-01-02#,0.5022
#399300.SZ#,#000002.SZ#,#2019-01-02#,1.2540
#399300.SZ#,#000001.SZ#,#2019-01-02#,0.8515
#399300.SZ#,#601012.SH#,#2019-01-02#,0.3662
#399300.SZ#,#300072.SZ#,#2019-01-02#,0.1248
#399300.SZ#,#300070.SZ#,#2019-01-02#,0.1559
#399300.SZ#,#002456.SZ#,#2019-01-02#,0.1881
#399300.SZ#,#002422.SZ#,#2019-01-02#,0.1880
#399300.SZ#,#002415.SZ#,#2019-01-02#,1.0217
#399300.SZ#,#002411.SZ#,#2019-01-02#,0.0649
#399300.SZ#,#300059.SZ#,#2019-01-02#,0.4627
#399300.SZ#,#601688.SH#,#2019-01-02#,0.5717
#399300.SZ#,#002352.SZ#,#2019-01-02#,0.1716
#399300.SZ#,#300033.SZ#,#2019-01-02#,0.0887
#399300.SZ#,#300015.SZ#,#2019-01-02#,0.2533
#399300.SZ#,#300017.SZ#,#2019-01-02#,0.1295
#399300.SZ#,#601877.SH#,#2019-01-02#,0.2187
#399300.SZ#,#300003.SZ#,#2019-01-02#,0.2200
#399300.SZ#,#601117.SH#,#2019-01-02#,0.1133
#399300.SZ#,#300251.SZ#,#2019-02-01#,0.0751
#399300.SZ#,#002602.SZ#,#2019-02-01#,0.0916
#399300.SZ#,#002601.SZ#,#2019-02-01#,0.0741
#399300.SZ#,#002594.SZ#,#2019-02-01#,0.4319
#399300.SZ#,#603156.SH#,#2019-02-01#,0.0244
#399300.SZ#,#002572.SZ#,#2019-02-01#,0.1014
#399300.SZ#,#601992.SH#,#2019-02-01#,0.1129
#399300.SZ#,#601216.SH#,#2019-02-01#,0.0879
#399300.SZ#,#002558.SZ#,#2019-02-01#,0.1169
#399300.SZ#,#002555.SZ#,#2019-02-01#,0.0702
#399300.SZ#,#601933.SH#,#2019-02-01#,0.3095
#399300.SZ#,#601211.SH#,#2019-02-01#,0.7611
#399300.SZ#,#002736.SZ#,#2019-02-01#,0.2074
#399300.SZ#,#000166.SZ#,#2019-02-01#,0.3003
#399300.SZ#,#300144.SZ#,#2019-02-01#,0.1429
#399300.SZ#,#600919.SH#,#2019-02-01#,0.4273
#399300.SZ#,#600926.SH#,#2019-02-01#,0.1580
#399300.SZ#,#002508.SZ#,#2019-02-01#,0.1181
#399300.SZ#,#300142.SZ#,#2019-02-01#,0.2292
#399300.SZ#,#300136.SZ#,#2019-02-01#,0.1779
#399300.SZ#,#600958.SH#,#2019-02-01#,0.2996
#399300.SZ#,#002493.SZ#,#2019-02-01#,0.1323
#399300.SZ#,#600998.SH#,#2019-02-01#,0.0821
#399300.SZ#,#300122.SZ#,#2019-02-01#,0.1741
#399300.SZ#,#601818.SH#,#2019-02-01#,0.6397
#399300.SZ#,#002475.SZ#,#2019-02-01#,0.4069
#399300.SZ#,#601336.SH#,#2019-02-01#,0.3450
#399300.SZ#,#601377.SH#,#2019-02-01#,0.2313
#399300.SZ#,#002468.SZ#,#2019-02-01#,0.0576
#399300.SZ#,#601018.SH#,#2019-02-01#,0.1322
#399300.SZ#,#300124.SZ#,#2019-02-01#,0.2197
#399300.SZ#,#002460.SZ#,#2019-02-01#,0.1558
#399300.SZ#,#002450.SZ#,#2019-02-01#,0.0839
#399300.SZ#,#002466.SZ#,#2019-02-01#,0.1885
#399300.SZ#,#601012.SH#,#2019-02-01#,0.4402
#399300.SZ#,#300072.SZ#,#2019-02-01#,0.0896
#399300.SZ#,#300070.SZ#,#2019-02-01#,0.1422
#399300.SZ#,#002456.SZ#,#2019-02-01#,0.1946
#399300.SZ#,#002422.SZ#,#2019-02-01#,0.1916
#399300.SZ#,#002415.SZ#,#2019-02-01#,1.1486
#399300.SZ#,#002411.SZ#,#2019-02-01#,0.0581
#399300.SZ#,#300059.SZ#,#2019-02-01#,0.4742
#399300.SZ#,#601688.SH#,#2019-02-01#,0.6364
#399300.SZ#,#002352.SZ#,#2019-02-01#,0.1526
#399300.SZ#,#300033.SZ#,#2019-02-01#,0.0928
#399300.SZ#,#300015.SZ#,#2019-02-01#,0.2660
#399300.SZ#,#300017.SZ#,#2019-02-01#,0.1102
#399300.SZ#,#601877.SH#,#2019-02-01#,0.2243
#399300.SZ#,#300003.SZ#,#2019-02-01#,0.2212
#399300.SZ#,#601117.SH#,#2019-02-01#,0.1067
#399300.SZ#,#601618.SH#,#2019-02-01#,0.2079
#399300.SZ#,#002311.SZ#,#2019-02-01#,0.1865
#399300.SZ#,#002310.SZ#,#2019-02-01#,0.0838
#399300.SZ#,#601989.SH#,#2019-02-01#,0.3947
#399300.SZ#,#601888.SH#,#2019-02-01#,0.5251
#399300.SZ#,#600999.SH#,#2019-02-01#,0.4174
#399300.SZ#,#002294.SZ#,#2019-02-01#,0.0854
#399300.SZ#,#601727.SH#,#2019-02-01#,0.1733
#399300.SZ#,#601633.SH#,#2019-02-01#,0.0820
#399300.SZ#,#601766.SH#,#2019-02-01#,0.8289
#399300.SZ#,#601788.SH#,#2019-02-01#,0.1847
#399300.SZ#,#002271.SZ#,#2019-02-01#,0.1460
#399300.SZ#,#601668.SH#,#2019-02-01#,1.2701
#399300.SZ#,#601229.SH#,#2019-02-01#,0.6218
#399300.SZ#,#601997.SH#,#2019-02-01#,0.1508
#399300.SZ#,#601838.SH#,#2019-02-01#,0.0306
#399300.SZ#,#601288.SH#,#2019-02-01#,1.4066
#399300.SZ#,#601198.SH#,#2019-02-01#,0.1326
#399300.SZ#,#002673.SZ#,#2019-02-01#,0.1362
#399300.SZ#,#601878.SH#,#2019-02-01#,0.1030
#399300.SZ#,#600909.SH#,#2019-02-01#,0.0897
#399300.SZ#,#002797.SZ#,#2019-02-01#,0.1203
#399300.SZ#,#601901.SH#,#2019-02-01#,0.2539
#399300.SZ#,#002241.SZ#,#2019-02-01#,0.1311
#399300.SZ#,#002252.SZ#,#2019-02-01#,0.0913
#399300.SZ#,#002236.SZ#,#2019-02-01#,0.2414
#399300.SZ#,#002230.SZ#,#2019-02-01#,0.4120
#399300.SZ#,#601186.SH#,#2019-02-01#,0.4605
#399300.SZ#,#601898.SH#,#2019-02-01#,0.0840
#399300.SZ#,#601899.SH#,#2019-02-01#,0.3597
#399300.SZ#,#300024.SZ#,#2019-02-01#,0.1523
#399300.SZ#,#601601.SH#,#2019-02-01#,0.9581
#399300.SZ#,#002202.SZ#,#2019-02-01#,0.3135
#399300.SZ#,#601390.SH#,#2019-02-01#,0.4945
#399300.SZ#,#601857.SH#,#2019-02-01#,0.5873
#399300.SZ#,#002304.SZ#,#2019-02-01#,0.5890
#399300.SZ#,#601088.SH#,#2019-02-01#,0.3908
#399300.SZ#,#601009.SH#,#2019-02-01#,0.4079
#399300.SZ#,#002142.SZ#,#2019-02-01#,0.4519
#399300.SZ#,#601919.SH#,#2019-02-01#,0.1643
#399300.SZ#,#601600.SH#,#2019-02-01#,0.2350
#399300.SZ#,#601328.SH#,#2019-02-01#,1.6868
#399300.SZ#,#601998.SH#,#2019-02-01#,0.1724
#399300.SZ#,#000338.SZ#,#2019-02-01#,0.4288
#399300.SZ#,#601318.SH#,#2019-02-01#,6.7584
#399300.SZ#,#601166.SH#,#2019-02-01#,2.0164
#399300.SZ#,#002120.SZ#,#2019-02-01#,0.0464
#399300.SZ#,#601628.SH#,#2019-02-01#,0.3760
#399300.SZ#,#601333.SH#,#2019-02-01#,0.1165
#399300.SZ#,#601991.SH#,#2019-02-01#,0.0754
#399300.SZ#,#601398.SH#,#2019-02-01#,1.2028
#399300.SZ#,#002085.SZ#,#2019-02-01#,0.0947
#399300.SZ#,#600018.SH#,#2019-02-01#,0.1736
#399300.SZ#,#002081.SZ#,#2019-02-01#,0.1343
#399300.SZ#,#601111.SH#,#2019-02-01#,0.2422
#399300.SZ#,#601006.SH#,#2019-02-01#,0.5106
#399300.SZ#,#600048.SH#,#2019-02-01#,0.9064
#399300.SZ#,#002146.SZ#,#2019-02-01#,0.1571
#399300.SZ#,#002153.SZ#,#2019-02-01#,0.0896
#399300.SZ#,#002065.SZ#,#2019-02-01#,0.1225
#399300.SZ#,#601988.SH#,#2019-02-01#,0.7655
#399300.SZ#,#002050.SZ#,#2019-02-01#,0.1423
#399300.SZ#,#002044.SZ#,#2019-02-01#,0.2939
#399300.SZ#,#600027.SH#,#2019-02-01#,0.1335
#399300.SZ#,#002032.SZ#,#2019-02-01#,0.0855
#399300.SZ#,#002027.SZ#,#2019-02-01#,0.4093
#399300.SZ#,#002024.SZ#,#2019-02-01#,0.3981
#399300.SZ#,#600482.SH#,#2019-02-01#,0.1518
#399300.SZ#,#002008.SZ#,#2019-02-01#,0.2799
#399300.SZ#,#002007.SZ#,#2019-02-01#,0.1900
#399300.SZ#,#002001.SZ#,#2019-02-01#,0.1312
#399300.SZ#,#600585.SH#,#2019-02-01#,0.6415
#399300.SZ#,#600438.SH#,#2019-02-01#,0.2060
#399300.SZ#,#600583.SH#,#2019-02-01#,0.1170
#399300.SZ#,#000100.SZ#,#2019-02-01#,0.3038
#399300.SZ#,#600566.SH#,#2019-02-01#,0.1104
#399300.SZ#,#600340.SH#,#2019-02-01#,0.4959
#399300.SZ#,#600519.SH#,#2019-02-01#,3.4353
#399300.SZ#,#600900.SH#,#2019-02-01#,1.0651
#399300.SZ#,#600518.SH#,#2019-02-01#,0.1891
#399300.SZ#,#600406.SH#,#2019-02-01#,0.3560
#399300.SZ#,#600498.SH#,#2019-02-01#,0.1963
#399300.SZ#,#600015.SH#,#2019-02-01#,0.4605
#399300.SZ#,#600415.SH#,#2019-02-01#,0.0986
#399300.SZ#,#600547.SH#,#2019-02-01#,0.2266
#399300.SZ#,#600398.SH#,#2019-02-01#,0.1580
#399300.SZ#,#600487.SH#,#2019-02-01#,0.2331
#399300.SZ#,#600390.SH#,#2019-02-01#,0.0380
#399300.SZ#,#600489.SH#,#2019-02-01#,0.1373
#399300.SZ#,#600383.SH#,#2019-02-01#,0.2451
#399300.SZ#,#600352.SH#,#2019-02-01#,0.2595
#399300.SZ#,#600372.SH#,#2019-02-01#,0.0711
#399300.SZ#,#600029.SH#,#2019-02-01#,0.2411
#399300.SZ#,#600369.SH#,#2019-02-01#,0.1109
#399300.SZ#,#600271.SH#,#2019-02-01#,0.2740
#399300.SZ#,#600362.SH#,#2019-02-01#,0.1376
#399300.SZ#,#600031.SH#,#2019-02-01#,0.5108
#399300.SZ#,#600346.SH#,#2019-02-01#,0.0987
#399300.SZ#,#600436.SH#,#2019-02-01#,0.2718
#399300.SZ#,#600339.SH#,#2019-02-01#,0.0610
#399300.SZ#,#600570.SH#,#2019-02-01#,0.3208
#399300.SZ#,#600332.SH#,#2019-02-01#,0.1881
#399300.SZ#,#600004.SH#,#2019-02-01#,0.1185
#399300.SZ#,#600309.SH#,#2019-02-01#,0.5576
#399300.SZ#,#600030.SH#,#2019-02-01#,1.4434
#399300.SZ#,#600297.SH#,#2019-02-01#,0.1056
#399300.SZ#,#600549.SH#,#2019-02-01#,0.1010
#399300.SZ#,#600276.SH#,#2019-02-01#,1.3262
#399300.SZ#,#600522.SH#,#2019-02-01#,0.1944
#399300.SZ#,#600233.SH#,#2019-02-01#,0.0436
#399300.SZ#,#600050.SH#,#2019-02-01#,0.4924
#399300.SZ#,#600221.SH#,#2019-02-01#,0.2124
#399300.SZ#,#600516.SH#,#2019-02-01#,0.1980
#399300.SZ#,#600219.SH#,#2019-02-01#,0.1536
#399300.SZ#,#600535.SH#,#2019-02-01#,0.1667
#399300.SZ#,#600208.SH#,#2019-02-01#,0.1222
#399300.SZ#,#600893.SH#,#2019-02-01#,0.1982
#399300.SZ#,#600196.SH#,#2019-02-01#,0.2388
#399300.SZ#,#600887.SH#,#2019-02-01#,1.4722
#399300.SZ#,#600188.SH#,#2019-02-01#,0.0797
#399300.SZ#,#600886.SH#,#2019-02-01#,0.3323
#399300.SZ#,#600177.SH#,#2019-02-01#,0.1898
#399300.SZ#,#600867.SH#,#2019-02-01#,0.1682
#399300.SZ#,#600176.SH#,#2019-02-01#,0.2103
#399300.SZ#,#601607.SH#,#2019-02-01#,0.1875
#399300.SZ#,#600170.SH#,#2019-02-01#,0.1419
#399300.SZ#,#600837.SH#,#2019-02-01#,0.8219
#399300.SZ#,#600157.SH#,#2019-02-01#,0.0993
#399300.SZ#,#600816.SH#,#2019-02-01#,0.0890
#399300.SZ#,#600153.SH#,#2019-02-01#,0.1296
#399300.SZ#,#600809.SH#,#2019-02-01#,0.1025
#399300.SZ#,#600118.SH#,#2019-02-01#,0.1060
#399300.SZ#,#600795.SH#,#2019-02-01#,0.2863
#399300.SZ#,#600115.SH#,#2019-02-01#,0.1956
#399300.SZ#,#600760.SH#,#2019-02-01#,0.1246
#399300.SZ#,#600111.SH#,#2019-02-01#,0.1872
#399300.SZ#,#600741.SH#,#2019-02-01#,0.3166
#399300.SZ#,#600109.SH#,#2019-02-01#,0.1872
#399300.SZ#,#600739.SH#,#2019-02-01#,0.1234
#399300.SZ#,#600104.SH#,#2019-02-01#,0.9220
#399300.SZ#,#600705.SH#,#2019-02-01#,0.1958
#399300.SZ#,#600100.SH#,#2019-02-01#,0.1788
#399300.SZ#,#600704.SH#,#2019-02-01#,0.0808
#399300.SZ#,#600089.SH#,#2019-02-01#,0.2647
#399300.SZ#,#600703.SH#,#2019-02-01#,0.2531
#399300.SZ#,#600085.SH#,#2019-02-01#,0.1459
#399300.SZ#,#600690.SH#,#2019-02-01#,0.5846
#399300.SZ#,#600068.SH#,#2019-02-01#,0.1704
#399300.SZ#,#600688.SH#,#2019-02-01#,0.1122
#399300.SZ#,#600066.SH#,#2019-02-01#,0.1531
#399300.SZ#,#600674.SH#,#2019-02-01#,0.1589
#399300.SZ#,#600061.SH#,#2019-02-01#,0.0766
#399300.SZ#,#600660.SH#,#2019-02-01#,0.3248
#399300.SZ#,#600038.SH#,#2019-02-01#,0.1205
#399300.SZ#,#600637.SH#,#2019-02-01#,0.2044
#399300.SZ#,#600036.SH#,#2019-02-01#,2.9829
#399300.SZ#,#600606.SH#,#2019-02-01#,0.2324
#399300.SZ#,#600028.SH#,#2019-02-01#,0.7038
#399300.SZ#,#600588.SH#,#2019-02-01#,0.2347
#399300.SZ#,#600019.SH#,#2019-02-01#,0.6216
#399300.SZ#,#600016.SH#,#2019-02-01#,1.4554
#399300.SZ#,#600011.SH#,#2019-02-01#,0.2801
#399300.SZ#,#600010.SH#,#2019-02-01#,0.2700
#399300.SZ#,#600009.SH#,#2019-02-01#,0.4712
#399300.SZ#,#600000.SH#,#2019-02-01#,1.2481
#399300.SZ#,#000983.SZ#,#2019-02-01#,0.0871
#399300.SZ#,#000963.SZ#,#2019-02-01#,0.2020
#399300.SZ#,#000961.SZ#,#2019-02-01#,0.1153
#399300.SZ#,#000959.SZ#,#2019-02-01#,0.0617
#399300.SZ#,#000938.SZ#,#2019-02-01#,0.0630
#399300.SZ#,#000898.SZ#,#2019-02-01#,0.0956
#399300.SZ#,#000895.SZ#,#2019-02-01#,0.2453
#399300.SZ#,#000876.SZ#,#2019-02-01#,0.1658
#399300.SZ#,#000858.SZ#,#2019-02-01#,1.1720
#399300.SZ#,#000839.SZ#,#2019-02-01#,0.0913
#399300.SZ#,#000826.SZ#,#2019-02-01#,0.0686
#399300.SZ#,#000792.SZ#,#2019-02-01#,0.0836
#399300.SZ#,#000786.SZ#,#2019-02-01#,0.1362
#399300.SZ#,#000783.SZ#,#2019-02-01#,0.2074
#399300.SZ#,#000776.SZ#,#2019-02-01#,0.3789
#399300.SZ#,#000768.SZ#,#2019-02-01#,0.1933
#399300.SZ#,#000728.SZ#,#2019-02-01#,0.1537
#399300.SZ#,#000725.SZ#,#2019-02-01#,0.6130
#399300.SZ#,#000709.SZ#,#2019-02-01#,0.1287
#399300.SZ#,#000703.SZ#,#2019-02-01#,0.1683
#399300.SZ#,#000671.SZ#,#2019-02-01#,0.0907
#399300.SZ#,#000661.SZ#,#2019-02-01#,0.2615
#399300.SZ#,#000651.SZ#,#2019-02-01#,1.9931
#399300.SZ#,#000630.SZ#,#2019-02-01#,0.1253
#399300.SZ#,#000627.SZ#,#2019-02-01#,0.0834
#399300.SZ#,#000625.SZ#,#2019-02-01#,0.1482
#399300.SZ#,#000568.SZ#,#2019-02-01#,0.3163
#399300.SZ#,#000553.SZ#,#2019-02-01#,0.0252
#399300.SZ#,#000538.SZ#,#2019-02-01#,0.4161
#399300.SZ#,#000503.SZ#,#2019-02-01#,0.1015
#399300.SZ#,#000425.SZ#,#2019-02-01#,0.1540
#399300.SZ#,#000423.SZ#,#2019-02-01#,0.1882
#399300.SZ#,#000415.SZ#,#2019-02-01#,0.0635
#399300.SZ#,#000413.SZ#,#2019-02-01#,0.1613
#399300.SZ#,#000408.SZ#,#2019-02-01#,0.0639
#399300.SZ#,#000402.SZ#,#2019-02-01#,0.0843
#399300.SZ#,#000157.SZ#,#2019-02-01#,0.1663
#399300.SZ#,#000069.SZ#,#2019-02-01#,0.2591
#399300.SZ#,#000063.SZ#,#2019-02-01#,0.4793
#399300.SZ#,#000002.SZ#,#2019-02-01#,1.3283
#399300.SZ#,#000001.SZ#,#2019-02-01#,0.9491
#399300.SZ#,#601138.SH#,#2019-02-01#,0.1388
#399300.SZ#,#001965.SZ#,#2019-02-01#,0.0455
#399300.SZ#,#603259.SH#,#2019-02-01#,0.0799
#399300.SZ#,#601066.SH#,#2019-02-01#,0.0536
#399300.SZ#,#002925.SZ#,#2019-02-01#,0.0450
#399300.SZ#,#600025.SH#,#2019-02-01#,0.0586
#399300.SZ#,#603260.SH#,#2019-02-01#,0.0351
#399300.SZ#,#001979.SZ#,#2019-02-01#,0.4451
#399300.SZ#,#601155.SH#,#2019-02-01#,0.2618
#399300.SZ#,#601108.SH#,#2019-02-01#,0.0288
#399300.SZ#,#601228.SH#,#2019-02-01#,0.0739
#399300.SZ#,#603833.SH#,#2019-02-01#,0.1109
#399300.SZ#,#601881.SH#,#2019-02-01#,0.0993
#399300.SZ#,#300408.SZ#,#2019-02-01#,0.1798
#399300.SZ#,#603858.SH#,#2019-02-01#,0.1070
#399300.SZ#,#600977.SH#,#2019-02-01#,0.1159
#399300.SZ#,#601611.SH#,#2019-02-01#,0.0536
#399300.SZ#,#601212.SH#,#2019-02-01#,0.0248
#399300.SZ#,#603799.SH#,#2019-02-01#,0.1330
#399300.SZ#,#300433.SZ#,#2019-02-01#,0.0473
#399300.SZ#,#603160.SH#,#2019-02-01#,0.0661
#399300.SZ#,#603986.SH#,#2019-02-01#,0.0998
#399300.SZ#,#601985.SH#,#2019-02-01#,0.2503
#399300.SZ#,#601828.SH#,#2019-02-01#,0.0357
#399300.SZ#,#601021.SH#,#2019-02-01#,0.0876
#399300.SZ#,#600023.SH#,#2019-02-01#,0.1812
#399300.SZ#,#000333.SZ#,#2019-02-01#,2.0265
#399300.SZ#,#601808.SH#,#2019-02-01#,0.0508
#399300.SZ#,#601939.SH#,#2019-02-01#,0.4680
#399300.SZ#,#002179.SZ#,#2019-02-01#,0.1420
#399300.SZ#,#601169.SH#,#2019-02-01#,0.8779
#399300.SZ#,#002773.SZ#,#2019-02-01#,0.0526
#399300.SZ#,#002714.SZ#,#2019-02-01#,0.2133
#399300.SZ#,#601238.SH#,#2019-02-01#,0.0949
#399300.SZ#,#603288.SH#,#2019-02-01#,0.5915
#399300.SZ#,#603993.SH#,#2019-02-01#,0.2720
#399300.SZ#,#300296.SZ#,#2019-02-01#,0.0944
#399300.SZ#,#601360.SH#,#2019-02-01#,0.0804
#399300.SZ#,#601800.SH#,#2019-02-01#,0.2486
#399300.SZ#,#601555.SH#,#2019-02-01#,0.1691
#399300.SZ#,#601225.SH#,#2019-02-01#,0.3316
#399300.SZ#,#002625.SZ#,#2019-02-01#,0.0420
#399300.SZ#,#601669.SH#,#2019-02-01#,0.3050
#399300.SZ#,#002624.SZ#,#2019-02-01#,0.0987
#399300.SZ#,#600011.SH#,#2019-02-28#,0.2650
#399300.SZ#,#600010.SH#,#2019-02-28#,0.2820
#399300.SZ#,#600009.SH#,#2019-02-28#,0.4820
#399300.SZ#,#600004.SH#,#2019-02-28#,0.1110
#399300.SZ#,#600000.SH#,#2019-02-28#,1.2050
#399300.SZ#,#300433.SZ#,#2019-02-28#,0.0590
#399300.SZ#,#300408.SZ#,#2019-02-28#,0.1800
#399300.SZ#,#300296.SZ#,#2019-02-28#,0.1160
#399300.SZ#,#300251.SZ#,#2019-02-28#,0.0680
#399300.SZ#,#300144.SZ#,#2019-02-28#,0.1340
#399300.SZ#,#300142.SZ#,#2019-02-28#,0.2260
#399300.SZ#,#300136.SZ#,#2019-02-28#,0.2030
#399300.SZ#,#300124.SZ#,#2019-02-28#,0.2260
#399300.SZ#,#300122.SZ#,#2019-02-28#,0.1860
#399300.SZ#,#300072.SZ#,#2019-02-28#,0.1000
#399300.SZ#,#300070.SZ#,#2019-02-28#,0.1550
#399300.SZ#,#300059.SZ#,#2019-02-28#,0.6200
#399300.SZ#,#300033.SZ#,#2019-02-28#,0.1420
#399300.SZ#,#300024.SZ#,#2019-02-28#,0.1560
#399300.SZ#,#300017.SZ#,#2019-02-28#,0.1290
#399300.SZ#,#300015.SZ#,#2019-02-28#,0.2680
#399300.SZ#,#300003.SZ#,#2019-02-28#,0.2410
#399300.SZ#,#002925.SZ#,#2019-02-28#,0.0440
#399300.SZ#,#002797.SZ#,#2019-02-28#,0.1330
#399300.SZ#,#002773.SZ#,#2019-02-28#,0.0480
#399300.SZ#,#002736.SZ#,#2019-02-28#,0.2450
#399300.SZ#,#002714.SZ#,#2019-02-28#,0.2450
#399300.SZ#,#002673.SZ#,#2019-02-28#,0.1570
#399300.SZ#,#002625.SZ#,#2019-02-28#,0.0450
#399300.SZ#,#002624.SZ#,#2019-02-28#,0.1030
#399300.SZ#,#002602.SZ#,#2019-02-28#,0.0830
#399300.SZ#,#002601.SZ#,#2019-02-28#,0.0750
#399300.SZ#,#002594.SZ#,#2019-02-28#,0.4320
#399300.SZ#,#002572.SZ#,#2019-02-28#,0.1050
#399300.SZ#,#002558.SZ#,#2019-02-28#,0.1160
#399300.SZ#,#002555.SZ#,#2019-02-28#,0.0760
#399300.SZ#,#002508.SZ#,#2019-02-28#,0.1030
#399300.SZ#,#002493.SZ#,#2019-02-28#,0.1230
#399300.SZ#,#002475.SZ#,#2019-02-28#,0.4520
#399300.SZ#,#002468.SZ#,#2019-02-28#,0.0570
#399300.SZ#,#002466.SZ#,#2019-02-28#,0.2220
#399300.SZ#,#002460.SZ#,#2019-02-28#,0.1840
#399300.SZ#,#002456.SZ#,#2019-02-28#,0.2300
#399300.SZ#,#002450.SZ#,#2019-02-28#,0.1160
#399300.SZ#,#002422.SZ#,#2019-02-28#,0.1800
#399300.SZ#,#002415.SZ#,#2019-02-28#,1.1130
#399300.SZ#,#002411.SZ#,#2019-02-28#,0.0540
#399300.SZ#,#002352.SZ#,#2019-02-28#,0.1540
#399300.SZ#,#002311.SZ#,#2019-02-28#,0.1830
#399300.SZ#,#002310.SZ#,#2019-02-28#,0.0990
#399300.SZ#,#002304.SZ#,#2019-02-28#,0.5850
#399300.SZ#,#002294.SZ#,#2019-02-28#,0.0890
#399300.SZ#,#002271.SZ#,#2019-02-28#,0.1510
#399300.SZ#,#002252.SZ#,#2019-02-28#,0.1270
#399300.SZ#,#002241.SZ#,#2019-02-28#,0.1510
#399300.SZ#,#002236.SZ#,#2019-02-28#,0.2490
#399300.SZ#,#002230.SZ#,#2019-02-28#,0.4570
#399300.SZ#,#002202.SZ#,#2019-02-28#,0.2810
#399300.SZ#,#002179.SZ#,#2019-02-28#,0.1420
#399300.SZ#,#002153.SZ#,#2019-02-28#,0.0900
#399300.SZ#,#002146.SZ#,#2019-02-28#,0.1450
#399300.SZ#,#002142.SZ#,#2019-02-28#,0.4390
#399300.SZ#,#002120.SZ#,#2019-02-28#,0.0430
#399300.SZ#,#002085.SZ#,#2019-02-28#,0.0920
#399300.SZ#,#002081.SZ#,#2019-02-28#,0.1500
#399300.SZ#,#002065.SZ#,#2019-02-28#,0.1340
#399300.SZ#,#002050.SZ#,#2019-02-28#,0.1370
#399300.SZ#,#002044.SZ#,#2019-02-28#,0.2830
#399300.SZ#,#002032.SZ#,#2019-02-28#,0.0880
#399300.SZ#,#002027.SZ#,#2019-02-28#,0.4320
#399300.SZ#,#002024.SZ#,#2019-02-28#,0.3980
#399300.SZ#,#002008.SZ#,#2019-02-28#,0.2970
#399300.SZ#,#002007.SZ#,#2019-02-28#,0.1890
#399300.SZ#,#002001.SZ#,#2019-02-28#,0.1330
#399300.SZ#,#001979.SZ#,#2019-02-28#,0.4390
#399300.SZ#,#001965.SZ#,#2019-02-28#,0.0440
#399300.SZ#,#000983.SZ#,#2019-02-28#,0.0860
#399300.SZ#,#603993.SH#,#2019-02-28#,0.2940
#399300.SZ#,#000963.SZ#,#2019-02-28#,0.2020
#399300.SZ#,#603986.SH#,#2019-02-28#,0.1140
#399300.SZ#,#000961.SZ#,#2019-02-28#,0.1280
#399300.SZ#,#603858.SH#,#2019-02-28#,0.1090
#399300.SZ#,#000959.SZ#,#2019-02-28#,0.0590
#399300.SZ#,#603833.SH#,#2019-02-28#,0.1040
#399300.SZ#,#000938.SZ#,#2019-02-28#,0.0700
#399300.SZ#,#603799.SH#,#2019-02-28#,0.1660
#399300.SZ#,#000898.SZ#,#2019-02-28#,0.0910
#399300.SZ#,#603288.SH#,#2019-02-28#,0.5430
#399300.SZ#,#000895.SZ#,#2019-02-28#,0.2090
#399300.SZ#,#603260.SH#,#2019-02-28#,0.0370
#399300.SZ#,#000876.SZ#,#2019-02-28#,0.1950
#399300.SZ#,#603259.SH#,#2019-02-28#,0.0820
#399300.SZ#,#000858.SZ#,#2019-02-28#,1.2130
#399300.SZ#,#603160.SH#,#2019-02-28#,0.0680
#399300.SZ#,#000839.SZ#,#2019-02-28#,0.1110
#399300.SZ#,#603156.SH#,#2019-02-28#,0.0240
#399300.SZ#,#000826.SZ#,#2019-02-28#,0.0740
#399300.SZ#,#601998.SH#,#2019-02-28#,0.1750
#399300.SZ#,#000792.SZ#,#2019-02-28#,0.0880
#399300.SZ#,#601997.SH#,#2019-02-28#,0.1560
#399300.SZ#,#000786.SZ#,#2019-02-28#,0.1370
#399300.SZ#,#601992.SH#,#2019-02-28#,0.1170
#399300.SZ#,#000783.SZ#,#2019-02-28#,0.2380
#399300.SZ#,#601991.SH#,#2019-02-28#,0.0730
#399300.SZ#,#000776.SZ#,#2019-02-28#,0.4270
#399300.SZ#,#601989.SH#,#2019-02-28#,0.4170
#399300.SZ#,#000768.SZ#,#2019-02-28#,0.1960
#399300.SZ#,#601988.SH#,#2019-02-28#,0.7070
#399300.SZ#,#000728.SZ#,#2019-02-28#,0.1700
#399300.SZ#,#601985.SH#,#2019-02-28#,0.2440
#399300.SZ#,#000725.SZ#,#2019-02-28#,0.8430
#399300.SZ#,#601939.SH#,#2019-02-28#,0.4210
#399300.SZ#,#000709.SZ#,#2019-02-28#,0.1260
#399300.SZ#,#601933.SH#,#2019-02-28#,0.2890
#399300.SZ#,#000703.SZ#,#2019-02-28#,0.1380
#399300.SZ#,#601919.SH#,#2019-02-28#,0.1700
#399300.SZ#,#000671.SZ#,#2019-02-28#,0.0970
#399300.SZ#,#601901.SH#,#2019-02-28#,0.2680
#399300.SZ#,#000661.SZ#,#2019-02-28#,0.2690
#399300.SZ#,#601899.SH#,#2019-02-28#,0.3790
#399300.SZ#,#000651.SZ#,#2019-02-28#,1.8840
#399300.SZ#,#601898.SH#,#2019-02-28#,0.0820
#399300.SZ#,#000630.SZ#,#2019-02-28#,0.1310
#399300.SZ#,#601888.SH#,#2019-02-28#,0.5440
#399300.SZ#,#000627.SZ#,#2019-02-28#,0.0910
#399300.SZ#,#601881.SH#,#2019-02-28#,0.1230
#399300.SZ#,#000625.SZ#,#2019-02-28#,0.1450
#399300.SZ#,#601878.SH#,#2019-02-28#,0.1170
#399300.SZ#,#000568.SZ#,#2019-02-28#,0.3280
#399300.SZ#,#601877.SH#,#2019-02-28#,0.1900
#399300.SZ#,#000553.SZ#,#2019-02-28#,0.0250
#399300.SZ#,#601857.SH#,#2019-02-28#,0.5540
#399300.SZ#,#000538.SZ#,#2019-02-28#,0.3870
#399300.SZ#,#601838.SH#,#2019-02-28#,0.0310
#399300.SZ#,#000503.SZ#,#2019-02-28#,0.1270
#399300.SZ#,#601828.SH#,#2019-02-28#,0.0350
#399300.SZ#,#000425.SZ#,#2019-02-28#,0.1620
#399300.SZ#,#601818.SH#,#2019-02-28#,0.5890
#399300.SZ#,#000423.SZ#,#2019-02-28#,0.1830
#399300.SZ#,#601808.SH#,#2019-02-28#,0.0510
#399300.SZ#,#000415.SZ#,#2019-02-28#,0.0750
#399300.SZ#,#601800.SH#,#2019-02-28#,0.2540
#399300.SZ#,#000413.SZ#,#2019-02-28#,0.1900
#399300.SZ#,#601788.SH#,#2019-02-28#,0.2260
#399300.SZ#,#000408.SZ#,#2019-02-28#,0.0620
#399300.SZ#,#601766.SH#,#2019-02-28#,0.8050
#399300.SZ#,#000402.SZ#,#2019-02-28#,0.0840
#399300.SZ#,#601727.SH#,#2019-02-28#,0.1720
#399300.SZ#,#000338.SZ#,#2019-02-28#,0.4050
#399300.SZ#,#601688.SH#,#2019-02-28#,0.6570
#399300.SZ#,#000333.SZ#,#2019-02-28#,1.9370
#399300.SZ#,#601669.SH#,#2019-02-28#,0.3010
#399300.SZ#,#000166.SZ#,#2019-02-28#,0.3250
#399300.SZ#,#601668.SH#,#2019-02-28#,1.1280
#399300.SZ#,#000157.SZ#,#2019-02-28#,0.1650
#399300.SZ#,#601633.SH#,#2019-02-28#,0.0830
#399300.SZ#,#000100.SZ#,#2019-02-28#,0.3060
#399300.SZ#,#601628.SH#,#2019-02-28#,0.4130
#399300.SZ#,#000069.SZ#,#2019-02-28#,0.2480
#399300.SZ#,#601618.SH#,#2019-02-28#,0.2170
#399300.SZ#,#000063.SZ#,#2019-02-28#,0.6200
#399300.SZ#,#601611.SH#,#2019-02-28#,0.0550
#399300.SZ#,#000002.SZ#,#2019-02-28#,1.1890
#399300.SZ#,#601607.SH#,#2019-02-28#,0.1860
#399300.SZ#,#000001.SZ#,#2019-02-28#,0.9270
#399300.SZ#,#601601.SH#,#2019-02-28#,0.9350
#399300.SZ#,#601600.SH#,#2019-02-28#,0.2430
#399300.SZ#,#601555.SH#,#2019-02-28#,0.1930
#399300.SZ#,#601398.SH#,#2019-02-28#,1.0840
#399300.SZ#,#601390.SH#,#2019-02-28#,0.4790
#399300.SZ#,#601377.SH#,#2019-02-28#,0.2800
#399300.SZ#,#601360.SH#,#2019-02-28#,0.0930
#399300.SZ#,#601336.SH#,#2019-02-28#,0.3660
#399300.SZ#,#601333.SH#,#2019-02-28#,0.1140
#399300.SZ#,#601328.SH#,#2019-02-28#,1.5370
#399300.SZ#,#601318.SH#,#2019-02-28#,6.6280
#399300.SZ#,#601288.SH#,#2019-02-28#,1.2720
#399300.SZ#,#601238.SH#,#2019-02-28#,0.0970
#399300.SZ#,#601229.SH#,#2019-02-28#,0.5870
#399300.SZ#,#601228.SH#,#2019-02-28#,0.0780
#399300.SZ#,#601225.SH#,#2019-02-28#,0.3120
#399300.SZ#,#601216.SH#,#2019-02-28#,0.1210
#399300.SZ#,#601212.SH#,#2019-02-28#,0.0260
#399300.SZ#,#601211.SH#,#2019-02-28#,0.7690
#399300.SZ#,#601198.SH#,#2019-02-28#,0.1580
#399300.SZ#,#601186.SH#,#2019-02-28#,0.4580
#399300.SZ#,#601169.SH#,#2019-02-28#,0.8300
#399300.SZ#,#601166.SH#,#2019-02-28#,1.9450
#399300.SZ#,#601155.SH#,#2019-02-28#,0.2670
#399300.SZ#,#601138.SH#,#2019-02-28#,0.1560
#399300.SZ#,#601117.SH#,#2019-02-28#,0.1060
#399300.SZ#,#601111.SH#,#2019-02-28#,0.2580
#399300.SZ#,#601108.SH#,#2019-02-28#,0.0350
#399300.SZ#,#601088.SH#,#2019-02-28#,0.3530
#399300.SZ#,#601066.SH#,#2019-02-28#,0.0790
#399300.SZ#,#601021.SH#,#2019-02-28#,0.0850
#399300.SZ#,#601018.SH#,#2019-02-28#,0.1350
#399300.SZ#,#601012.SH#,#2019-02-28#,0.4630
#399300.SZ#,#601009.SH#,#2019-02-28#,0.3860
#399300.SZ#,#601006.SH#,#2019-02-28#,0.4640
#399300.SZ#,#600999.SH#,#2019-02-28#,0.4390
#399300.SZ#,#600998.SH#,#2019-02-28#,0.0760
#399300.SZ#,#600977.SH#,#2019-02-28#,0.1030
#399300.SZ#,#600958.SH#,#2019-02-28#,0.3840
#399300.SZ#,#600926.SH#,#2019-02-28#,0.1580
#399300.SZ#,#600919.SH#,#2019-02-28#,0.4300
#399300.SZ#,#600909.SH#,#2019-02-28#,0.1010
#399300.SZ#,#600900.SH#,#2019-02-28#,0.9400
#399300.SZ#,#600893.SH#,#2019-02-28#,0.1990
#399300.SZ#,#600887.SH#,#2019-02-28#,1.4360
#399300.SZ#,#600886.SH#,#2019-02-28#,0.2880
#399300.SZ#,#600867.SH#,#2019-02-28#,0.1820
#399300.SZ#,#600837.SH#,#2019-02-28#,0.8990
#399300.SZ#,#600816.SH#,#2019-02-28#,0.1440
#399300.SZ#,#600809.SH#,#2019-02-28#,0.1130
#399300.SZ#,#600795.SH#,#2019-02-28#,0.2730
#399300.SZ#,#600760.SH#,#2019-02-28#,0.1240
#399300.SZ#,#600741.SH#,#2019-02-28#,0.2860
#399300.SZ#,#600739.SH#,#2019-02-28#,0.1410
#399300.SZ#,#600705.SH#,#2019-02-28#,0.2280
#399300.SZ#,#600704.SH#,#2019-02-28#,0.0820
#399300.SZ#,#600703.SH#,#2019-02-28#,0.3080
#399300.SZ#,#600690.SH#,#2019-02-28#,0.5270
#399300.SZ#,#600688.SH#,#2019-02-28#,0.1060
#399300.SZ#,#600674.SH#,#2019-02-28#,0.1420
#399300.SZ#,#600660.SH#,#2019-02-28#,0.2970
#399300.SZ#,#600637.SH#,#2019-02-28#,0.2050
#399300.SZ#,#600606.SH#,#2019-02-28#,0.2220
#399300.SZ#,#600588.SH#,#2019-02-28#,0.2550
#399300.SZ#,#600585.SH#,#2019-02-28#,0.6200
#399300.SZ#,#600583.SH#,#2019-02-28#,0.1170
#399300.SZ#,#600570.SH#,#2019-02-28#,0.3730
#399300.SZ#,#600566.SH#,#2019-02-28#,0.1000
#399300.SZ#,#600549.SH#,#2019-02-28#,0.1060
#399300.SZ#,#600547.SH#,#2019-02-28#,0.2120
#399300.SZ#,#600535.SH#,#2019-02-28#,0.1650
#399300.SZ#,#600522.SH#,#2019-02-28#,0.2120
#399300.SZ#,#600519.SH#,#2019-02-28#,3.3150
#399300.SZ#,#600518.SH#,#2019-02-28#,0.2770
#399300.SZ#,#600516.SH#,#2019-02-28#,0.2090
#399300.SZ#,#600498.SH#,#2019-02-28#,0.2010
#399300.SZ#,#600489.SH#,#2019-02-28#,0.1310
#399300.SZ#,#600487.SH#,#2019-02-28#,0.2510
#399300.SZ#,#600482.SH#,#2019-02-28#,0.1520
#399300.SZ#,#600438.SH#,#2019-02-28#,0.2020
#399300.SZ#,#600436.SH#,#2019-02-28#,0.2790
#399300.SZ#,#600415.SH#,#2019-02-28#,0.1040
#399300.SZ#,#600406.SH#,#2019-02-28#,0.2960
#399300.SZ#,#600398.SH#,#2019-02-28#,0.1550
#399300.SZ#,#600390.SH#,#2019-02-28#,0.0460
#399300.SZ#,#600383.SH#,#2019-02-28#,0.2230
#399300.SZ#,#600372.SH#,#2019-02-28#,0.0760
#399300.SZ#,#600369.SH#,#2019-02-28#,0.1280
#399300.SZ#,#600362.SH#,#2019-02-28#,0.1410
#399300.SZ#,#600352.SH#,#2019-02-28#,0.2470
#399300.SZ#,#600346.SH#,#2019-02-28#,0.0990
#399300.SZ#,#600340.SH#,#2019-02-28#,0.4980
#399300.SZ#,#600339.SH#,#2019-02-28#,0.0630
#399300.SZ#,#600332.SH#,#2019-02-28#,0.1850
#399300.SZ#,#600309.SH#,#2019-02-28#,0.5610
#399300.SZ#,#600297.SH#,#2019-02-28#,0.1060
#399300.SZ#,#600276.SH#,#2019-02-28#,1.3880
#399300.SZ#,#600271.SH#,#2019-02-28#,0.2770
#399300.SZ#,#600233.SH#,#2019-02-28#,0.0420
#399300.SZ#,#600221.SH#,#2019-02-28#,0.2190
#399300.SZ#,#600219.SH#,#2019-02-28#,0.1600
#399300.SZ#,#600208.SH#,#2019-02-28#,0.1380
#399300.SZ#,#600196.SH#,#2019-02-28#,0.2530
#399300.SZ#,#600188.SH#,#2019-02-28#,0.0820
#399300.SZ#,#600177.SH#,#2019-02-28#,0.1870
#399300.SZ#,#600176.SH#,#2019-02-28#,0.2010
#399300.SZ#,#600170.SH#,#2019-02-28#,0.1380
#399300.SZ#,#600157.SH#,#2019-02-28#,0.1130
#399300.SZ#,#600153.SH#,#2019-02-28#,0.1270
#399300.SZ#,#600118.SH#,#2019-02-28#,0.1160
#399300.SZ#,#600115.SH#,#2019-02-28#,0.2000
#399300.SZ#,#600111.SH#,#2019-02-28#,0.2030
#399300.SZ#,#600109.SH#,#2019-02-28#,0.2080
#399300.SZ#,#600104.SH#,#2019-02-28#,0.8670
#399300.SZ#,#600100.SH#,#2019-02-28#,0.1880
#399300.SZ#,#600089.SH#,#2019-02-28#,0.2580
#399300.SZ#,#600085.SH#,#2019-02-28#,0.1400
#399300.SZ#,#600068.SH#,#2019-02-28#,0.1710
#399300.SZ#,#600066.SH#,#2019-02-28#,0.1630
#399300.SZ#,#600061.SH#,#2019-02-28#,0.0950
#399300.SZ#,#600050.SH#,#2019-02-28#,0.5230
#399300.SZ#,#600048.SH#,#2019-02-28#,0.8240
#399300.SZ#,#600038.SH#,#2019-02-28#,0.1200
#399300.SZ#,#600036.SH#,#2019-02-28#,2.8610
#399300.SZ#,#600031.SH#,#2019-02-28#,0.4960
#399300.SZ#,#600030.SH#,#2019-02-28#,1.6170
#399300.SZ#,#600029.SH#,#2019-02-28#,0.2510
#399300.SZ#,#600028.SH#,#2019-02-28#,0.6520
#399300.SZ#,#600027.SH#,#2019-02-28#,0.1270
#399300.SZ#,#600025.SH#,#2019-02-28#,0.0550
#399300.SZ#,#600023.SH#,#2019-02-28#,0.1700
#399300.SZ#,#600019.SH#,#2019-02-28#,0.5840
#399300.SZ#,#600018.SH#,#2019-02-28#,0.1690
#399300.SZ#,#600016.SH#,#2019-02-28#,1.4170
#399300.SZ#,#600015.SH#,#2019-02-28#,0.4480
#399300.SZ#,#601877.SH#,#2019-03-01#,0.1903
#399300.SZ#,#300003.SZ#,#2019-03-01#,0.2372
#399300.SZ#,#601117.SH#,#2019-03-01#,0.1041
#399300.SZ#,#601618.SH#,#2019-03-01#,0.2156
#399300.SZ#,#002311.SZ#,#2019-03-01#,0.1816
#399300.SZ#,#002310.SZ#,#2019-03-01#,0.0963
#399300.SZ#,#601989.SH#,#2019-03-01#,0.4172
#399300.SZ#,#601888.SH#,#2019-03-01#,0.5381
#399300.SZ#,#600999.SH#,#2019-03-01#,0.4399
#399300.SZ#,#002294.SZ#,#2019-03-01#,0.0869
#399300.SZ#,#601727.SH#,#2019-03-01#,0.1701
#399300.SZ#,#601633.SH#,#2019-03-01#,0.0841
#399300.SZ#,#601766.SH#,#2019-03-01#,0.7914
#399300.SZ#,#601788.SH#,#2019-03-01#,0.2260
#399300.SZ#,#002271.SZ#,#2019-03-01#,0.1526
#399300.SZ#,#601668.SH#,#2019-03-01#,1.1185
#399300.SZ#,#601229.SH#,#2019-03-01#,0.5827
#399300.SZ#,#601997.SH#,#2019-03-01#,0.1598
#399300.SZ#,#601838.SH#,#2019-03-01#,0.0307
#399300.SZ#,#601288.SH#,#2019-03-01#,1.2613
#399300.SZ#,#601198.SH#,#2019-03-01#,0.1591
#399300.SZ#,#002673.SZ#,#2019-03-01#,0.1581
#399300.SZ#,#601878.SH#,#2019-03-01#,0.1192
#399300.SZ#,#600909.SH#,#2019-03-01#,0.1016
#399300.SZ#,#002797.SZ#,#2019-03-01#,0.1366
#399300.SZ#,#601901.SH#,#2019-03-01#,0.2703
#399300.SZ#,#002241.SZ#,#2019-03-01#,0.1474
#399300.SZ#,#002252.SZ#,#2019-03-01#,0.1224
#399300.SZ#,#002236.SZ#,#2019-03-01#,0.2410
#399300.SZ#,#002230.SZ#,#2019-03-01#,0.4488
#399300.SZ#,#601186.SH#,#2019-03-01#,0.4545
#399300.SZ#,#601898.SH#,#2019-03-01#,0.0812
#399300.SZ#,#601899.SH#,#2019-03-01#,0.3758
#399300.SZ#,#300024.SZ#,#2019-03-01#,0.1561
#399300.SZ#,#601601.SH#,#2019-03-01#,0.9489
#399300.SZ#,#002202.SZ#,#2019-03-01#,0.2801
#399300.SZ#,#601390.SH#,#2019-03-01#,0.4756
#399300.SZ#,#601857.SH#,#2019-03-01#,0.5456
#399300.SZ#,#002304.SZ#,#2019-03-01#,0.5949
#399300.SZ#,#601088.SH#,#2019-03-01#,0.3525
#399300.SZ#,#601009.SH#,#2019-03-01#,0.3905
#399300.SZ#,#002142.SZ#,#2019-03-01#,0.4383
#399300.SZ#,#601919.SH#,#2019-03-01#,0.1689
#399300.SZ#,#601600.SH#,#2019-03-01#,0.2377
#399300.SZ#,#601328.SH#,#2019-03-01#,1.5485
#399300.SZ#,#601998.SH#,#2019-03-01#,0.1822
#399300.SZ#,#000338.SZ#,#2019-03-01#,0.4154
#399300.SZ#,#601318.SH#,#2019-03-01#,6.7063
#399300.SZ#,#601166.SH#,#2019-03-01#,2.0573
#399300.SZ#,#002120.SZ#,#2019-03-01#,0.0425
#399300.SZ#,#601628.SH#,#2019-03-01#,0.4431
#399300.SZ#,#601333.SH#,#2019-03-01#,0.1108
#399300.SZ#,#601991.SH#,#2019-03-01#,0.0715
#399300.SZ#,#601398.SH#,#2019-03-01#,1.0791
#399300.SZ#,#002085.SZ#,#2019-03-01#,0.0901
#399300.SZ#,#600018.SH#,#2019-03-01#,0.1676
#399300.SZ#,#002081.SZ#,#2019-03-01#,0.1465
#399300.SZ#,#601111.SH#,#2019-03-01#,0.2523
#399300.SZ#,#601006.SH#,#2019-03-01#,0.4516
#399300.SZ#,#600048.SH#,#2019-03-01#,0.8146
#399300.SZ#,#002146.SZ#,#2019-03-01#,0.1453
#399300.SZ#,#002153.SZ#,#2019-03-01#,0.0873
#399300.SZ#,#002065.SZ#,#2019-03-01#,0.1296
#399300.SZ#,#601988.SH#,#2019-03-01#,0.7030
#399300.SZ#,#002050.SZ#,#2019-03-01#,0.1340
#399300.SZ#,#002044.SZ#,#2019-03-01#,0.2753
#399300.SZ#,#600027.SH#,#2019-03-01#,0.1232
#399300.SZ#,#002032.SZ#,#2019-03-01#,0.0907
#399300.SZ#,#002027.SZ#,#2019-03-01#,0.4318
#399300.SZ#,#002024.SZ#,#2019-03-01#,0.3924
#399300.SZ#,#600482.SH#,#2019-03-01#,0.1503
#399300.SZ#,#002008.SZ#,#2019-03-01#,0.2921
#399300.SZ#,#002007.SZ#,#2019-03-01#,0.1853
#399300.SZ#,#002001.SZ#,#2019-03-01#,0.1298
#399300.SZ#,#600438.SH#,#2019-03-01#,0.1992
#399300.SZ#,#000100.SZ#,#2019-03-01#,0.3050
#399300.SZ#,#600340.SH#,#2019-03-01#,0.4783
#399300.SZ#,#600900.SH#,#2019-03-01#,0.9183
#399300.SZ#,#600406.SH#,#2019-03-01#,0.2910
#399300.SZ#,#600015.SH#,#2019-03-01#,0.4516
#399300.SZ#,#600547.SH#,#2019-03-01#,0.2060
#399300.SZ#,#600487.SH#,#2019-03-01#,0.2484
#399300.SZ#,#600489.SH#,#2019-03-01#,0.1278
#399300.SZ#,#600352.SH#,#2019-03-01#,0.2453
#399300.SZ#,#600029.SH#,#2019-03-01#,0.2468
#399300.SZ#,#600271.SH#,#2019-03-01#,0.2730
#399300.SZ#,#600031.SH#,#2019-03-01#,0.5005
#399300.SZ#,#600436.SH#,#2019-03-01#,0.2769
#399300.SZ#,#600570.SH#,#2019-03-01#,0.3731
#399300.SZ#,#600004.SH#,#2019-03-01#,0.1164
#399300.SZ#,#600030.SH#,#2019-03-01#,1.6464
#399300.SZ#,#600549.SH#,#2019-03-01#,0.1036
#399300.SZ#,#600522.SH#,#2019-03-01#,0.2091
#399300.SZ#,#600050.SH#,#2019-03-01#,0.5214
#399300.SZ#,#600516.SH#,#2019-03-01#,0.2061
#399300.SZ#,#600535.SH#,#2019-03-01#,0.1607
#399300.SZ#,#600893.SH#,#2019-03-01#,0.1933
#399300.SZ#,#600887.SH#,#2019-03-01#,1.4456
#399300.SZ#,#600886.SH#,#2019-03-01#,0.2834
#399300.SZ#,#600867.SH#,#2019-03-01#,0.1811
#399300.SZ#,#601607.SH#,#2019-03-01#,0.1811
#399300.SZ#,#600837.SH#,#2019-03-01#,0.9010
#399300.SZ#,#600816.SH#,#2019-03-01#,0.1429
#399300.SZ#,#600809.SH#,#2019-03-01#,0.1166
#399300.SZ#,#600795.SH#,#2019-03-01#,0.2672
#399300.SZ#,#600760.SH#,#2019-03-01#,0.1200
#399300.SZ#,#600741.SH#,#2019-03-01#,0.2793
#399300.SZ#,#600739.SH#,#2019-03-01#,0.1411
#399300.SZ#,#600705.SH#,#2019-03-01#,0.2303
#399300.SZ#,#600704.SH#,#2019-03-01#,0.0813
#399300.SZ#,#600703.SH#,#2019-03-01#,0.2936
#399300.SZ#,#600690.SH#,#2019-03-01#,0.5372
#399300.SZ#,#600688.SH#,#2019-03-01#,0.1038
#399300.SZ#,#600674.SH#,#2019-03-01#,0.1396
#399300.SZ#,#600660.SH#,#2019-03-01#,0.2970
#399300.SZ#,#600637.SH#,#2019-03-01#,0.2051
#399300.SZ#,#600606.SH#,#2019-03-01#,0.2182
#399300.SZ#,#600588.SH#,#2019-03-01#,0.2545
#399300.SZ#,#600585.SH#,#2019-03-01#,0.6273
#399300.SZ#,#600583.SH#,#2019-03-01#,0.1153
#399300.SZ#,#600566.SH#,#2019-03-01#,0.0967
#399300.SZ#,#600519.SH#,#2019-03-01#,3.3918
#399300.SZ#,#600518.SH#,#2019-03-01#,0.2833
#399300.SZ#,#600498.SH#,#2019-03-01#,0.1956
#399300.SZ#,#600415.SH#,#2019-03-01#,0.1075
#399300.SZ#,#600398.SH#,#2019-03-01#,0.1525
#399300.SZ#,#600390.SH#,#2019-03-01#,0.0464
#399300.SZ#,#600383.SH#,#2019-03-01#,0.2210
#399300.SZ#,#600372.SH#,#2019-03-01#,0.0747
#399300.SZ#,#600369.SH#,#2019-03-01#,0.1301
#399300.SZ#,#600362.SH#,#2019-03-01#,0.1392
#399300.SZ#,#600346.SH#,#2019-03-01#,0.0966
#399300.SZ#,#600339.SH#,#2019-03-01#,0.0619
#399300.SZ#,#600332.SH#,#2019-03-01#,0.1810
#399300.SZ#,#600309.SH#,#2019-03-01#,0.5649
#399300.SZ#,#600297.SH#,#2019-03-01#,0.1044
#399300.SZ#,#600276.SH#,#2019-03-01#,1.3603
#399300.SZ#,#600233.SH#,#2019-03-01#,0.0407
#399300.SZ#,#600221.SH#,#2019-03-01#,0.2125
#399300.SZ#,#600219.SH#,#2019-03-01#,0.1570
#399300.SZ#,#600208.SH#,#2019-03-01#,0.1361
#399300.SZ#,#600196.SH#,#2019-03-01#,0.2469
#399300.SZ#,#600188.SH#,#2019-03-01#,0.0822
#399300.SZ#,#600177.SH#,#2019-03-01#,0.1833
#399300.SZ#,#600176.SH#,#2019-03-01#,0.2025
#399300.SZ#,#600170.SH#,#2019-03-01#,0.1352
#399300.SZ#,#600157.SH#,#2019-03-01#,0.1153
#399300.SZ#,#600153.SH#,#2019-03-01#,0.1247
#399300.SZ#,#600118.SH#,#2019-03-01#,0.1128
#399300.SZ#,#600115.SH#,#2019-03-01#,0.1963
#399300.SZ#,#600111.SH#,#2019-03-01#,0.2010
#399300.SZ#,#600109.SH#,#2019-03-01#,0.2098
#399300.SZ#,#600104.SH#,#2019-03-01#,0.8597
#399300.SZ#,#600100.SH#,#2019-03-01#,0.1817
#399300.SZ#,#600089.SH#,#2019-03-01#,0.2522
#399300.SZ#,#600085.SH#,#2019-03-01#,0.1376
#399300.SZ#,#600068.SH#,#2019-03-01#,0.1687
#399300.SZ#,#600066.SH#,#2019-03-01#,0.1617
#399300.SZ#,#600061.SH#,#2019-03-01#,0.0958
#399300.SZ#,#600038.SH#,#2019-03-01#,0.1183
#399300.SZ#,#600036.SH#,#2019-03-01#,2.9021
#399300.SZ#,#600028.SH#,#2019-03-01#,0.6459
#399300.SZ#,#600019.SH#,#2019-03-01#,0.5797
#399300.SZ#,#600016.SH#,#2019-03-01#,1.4202
#399300.SZ#,#600011.SH#,#2019-03-01#,0.2543
#399300.SZ#,#601138.SH#,#2019-03-01#,0.1524
#399300.SZ#,#600010.SH#,#2019-03-01#,0.2807
#399300.SZ#,#001965.SZ#,#2019-03-01#,0.0426
#399300.SZ#,#600009.SH#,#2019-03-01#,0.4903
#399300.SZ#,#603259.SH#,#2019-03-01#,0.0806
#399300.SZ#,#600000.SH#,#2019-03-01#,1.2069
#399300.SZ#,#601066.SH#,#2019-03-01#,0.0846
#399300.SZ#,#000983.SZ#,#2019-03-01#,0.0854
#399300.SZ#,#002925.SZ#,#2019-03-01#,0.0430
#399300.SZ#,#000963.SZ#,#2019-03-01#,0.1991
#399300.SZ#,#600025.SH#,#2019-03-01#,0.0550
#399300.SZ#,#000961.SZ#,#2019-03-01#,0.1248
#399300.SZ#,#603260.SH#,#2019-03-01#,0.0356
#399300.SZ#,#000959.SZ#,#2019-03-01#,0.0586
#399300.SZ#,#001979.SZ#,#2019-03-01#,0.4303
#399300.SZ#,#000938.SZ#,#2019-03-01#,0.0680
#399300.SZ#,#601155.SH#,#2019-03-01#,0.2601
#399300.SZ#,#000898.SZ#,#2019-03-01#,0.0906
#399300.SZ#,#601108.SH#,#2019-03-01#,0.0357
#399300.SZ#,#000895.SZ#,#2019-03-01#,0.2056
#399300.SZ#,#601228.SH#,#2019-03-01#,0.0760
#399300.SZ#,#000876.SZ#,#2019-03-01#,0.2050
#399300.SZ#,#603833.SH#,#2019-03-01#,0.1025
#399300.SZ#,#000858.SZ#,#2019-03-01#,1.2598
#399300.SZ#,#601881.SH#,#2019-03-01#,0.1293
#399300.SZ#,#000839.SZ#,#2019-03-01#,0.1084
#399300.SZ#,#300408.SZ#,#2019-03-01#,0.1778
#399300.SZ#,#000826.SZ#,#2019-03-01#,0.0719
#399300.SZ#,#603858.SH#,#2019-03-01#,0.1061
#399300.SZ#,#000792.SZ#,#2019-03-01#,0.0878
#399300.SZ#,#600977.SH#,#2019-03-01#,0.1014
#399300.SZ#,#000786.SZ#,#2019-03-01#,0.1376
#399300.SZ#,#601611.SH#,#2019-03-01#,0.0536
#399300.SZ#,#000783.SZ#,#2019-03-01#,0.2393
#399300.SZ#,#601212.SH#,#2019-03-01#,0.0258
#399300.SZ#,#000776.SZ#,#2019-03-01#,0.4278
#399300.SZ#,#603799.SH#,#2019-03-01#,0.1639
#399300.SZ#,#000768.SZ#,#2019-03-01#,0.1923
#399300.SZ#,#300433.SZ#,#2019-03-01#,0.0588
#399300.SZ#,#000728.SZ#,#2019-03-01#,0.1708
#399300.SZ#,#603160.SH#,#2019-03-01#,0.0674
#399300.SZ#,#000725.SZ#,#2019-03-01#,0.8676
#399300.SZ#,#603986.SH#,#2019-03-01#,0.1122
#399300.SZ#,#000709.SZ#,#2019-03-01#,0.1239
#399300.SZ#,#601985.SH#,#2019-03-01#,0.2420
#399300.SZ#,#000703.SZ#,#2019-03-01#,0.1337
#399300.SZ#,#601828.SH#,#2019-03-01#,0.0338
#399300.SZ#,#000671.SZ#,#2019-03-01#,0.0967
#399300.SZ#,#601021.SH#,#2019-03-01#,0.0836
#399300.SZ#,#000661.SZ#,#2019-03-01#,0.2631
#399300.SZ#,#600023.SH#,#2019-03-01#,0.1678
#399300.SZ#,#000651.SZ#,#2019-03-01#,1.8821
#399300.SZ#,#000333.SZ#,#2019-03-01#,1.9268
#399300.SZ#,#000630.SZ#,#2019-03-01#,0.1286
#399300.SZ#,#601808.SH#,#2019-03-01#,0.0498
#399300.SZ#,#000627.SZ#,#2019-03-01#,0.0920
#399300.SZ#,#601939.SH#,#2019-03-01#,0.4215
#399300.SZ#,#000625.SZ#,#2019-03-01#,0.1459
#399300.SZ#,#002179.SZ#,#2019-03-01#,0.1413
#399300.SZ#,#000568.SZ#,#2019-03-01#,0.3350
#399300.SZ#,#601169.SH#,#2019-03-01#,0.8303
#399300.SZ#,#000553.SZ#,#2019-03-01#,0.0243
#399300.SZ#,#002773.SZ#,#2019-03-01#,0.0463
#399300.SZ#,#000538.SZ#,#2019-03-01#,0.3854
#399300.SZ#,#002714.SZ#,#2019-03-01#,0.2461
#399300.SZ#,#000503.SZ#,#2019-03-01#,0.1226
#399300.SZ#,#601238.SH#,#2019-03-01#,0.0959
#399300.SZ#,#000425.SZ#,#2019-03-01#,0.1612
#399300.SZ#,#603288.SH#,#2019-03-01#,0.5375
#399300.SZ#,#000423.SZ#,#2019-03-01#,0.1810
#399300.SZ#,#603993.SH#,#2019-03-01#,0.2895
#399300.SZ#,#000415.SZ#,#2019-03-01#,0.0728
#399300.SZ#,#300296.SZ#,#2019-03-01#,0.1133
#399300.SZ#,#000413.SZ#,#2019-03-01#,0.1877
#399300.SZ#,#601360.SH#,#2019-03-01#,0.0897
#399300.SZ#,#000408.SZ#,#2019-03-01#,0.0613
#399300.SZ#,#601800.SH#,#2019-03-01#,0.2510
#399300.SZ#,#000402.SZ#,#2019-03-01#,0.0819
#399300.SZ#,#601555.SH#,#2019-03-01#,0.1935
#399300.SZ#,#000157.SZ#,#2019-03-01#,0.1626
#399300.SZ#,#601225.SH#,#2019-03-01#,0.3120
#399300.SZ#,#000069.SZ#,#2019-03-01#,0.2452
#399300.SZ#,#002625.SZ#,#2019-03-01#,0.0428
#399300.SZ#,#000063.SZ#,#2019-03-01#,0.6049
#399300.SZ#,#601669.SH#,#2019-03-01#,0.2983
#399300.SZ#,#000002.SZ#,#2019-03-01#,1.1867
#399300.SZ#,#002624.SZ#,#2019-03-01#,0.1005
#399300.SZ#,#000001.SZ#,#2019-03-01#,0.9368
#399300.SZ#,#300251.SZ#,#2019-03-01#,0.0670
#399300.SZ#,#002602.SZ#,#2019-03-01#,0.0807
#399300.SZ#,#002601.SZ#,#2019-03-01#,0.0739
#399300.SZ#,#002594.SZ#,#2019-03-01#,0.4171
#399300.SZ#,#603156.SH#,#2019-03-01#,0.0236
#399300.SZ#,#002572.SZ#,#2019-03-01#,0.1034
#399300.SZ#,#601992.SH#,#2019-03-01#,0.1172
#399300.SZ#,#601216.SH#,#2019-03-01#,0.1160
#399300.SZ#,#002558.SZ#,#2019-03-01#,0.1121
#399300.SZ#,#002555.SZ#,#2019-03-01#,0.0763
#399300.SZ#,#601933.SH#,#2019-03-01#,0.2855
#399300.SZ#,#601211.SH#,#2019-03-01#,0.7698
#399300.SZ#,#002736.SZ#,#2019-03-01#,0.2495
#399300.SZ#,#000166.SZ#,#2019-03-01#,0.3261
#399300.SZ#,#300144.SZ#,#2019-03-01#,0.1349
#399300.SZ#,#600919.SH#,#2019-03-01#,0.4295
#399300.SZ#,#600926.SH#,#2019-03-01#,0.1572
#399300.SZ#,#002508.SZ#,#2019-03-01#,0.1029
#399300.SZ#,#300142.SZ#,#2019-03-01#,0.2238
#399300.SZ#,#300136.SZ#,#2019-03-01#,0.2016
#399300.SZ#,#600958.SH#,#2019-03-01#,0.3916
#399300.SZ#,#002493.SZ#,#2019-03-01#,0.1223
#399300.SZ#,#600998.SH#,#2019-03-01#,0.0749
#399300.SZ#,#300122.SZ#,#2019-03-01#,0.1887
#399300.SZ#,#601818.SH#,#2019-03-01#,0.5992
#399300.SZ#,#002475.SZ#,#2019-03-01#,0.4410
#399300.SZ#,#601336.SH#,#2019-03-01#,0.3733
#399300.SZ#,#601377.SH#,#2019-03-01#,0.2818
#399300.SZ#,#002468.SZ#,#2019-03-01#,0.0566
#399300.SZ#,#601018.SH#,#2019-03-01#,0.1325
#399300.SZ#,#300124.SZ#,#2019-03-01#,0.2263
#399300.SZ#,#002460.SZ#,#2019-03-01#,0.1799
#399300.SZ#,#002450.SZ#,#2019-03-01#,0.1190
#399300.SZ#,#002466.SZ#,#2019-03-01#,0.2180
#399300.SZ#,#601012.SH#,#2019-03-01#,0.4623
#399300.SZ#,#300072.SZ#,#2019-03-01#,0.1009
#399300.SZ#,#300070.SZ#,#2019-03-01#,0.1541
#399300.SZ#,#002456.SZ#,#2019-03-01#,0.2240
#399300.SZ#,#002422.SZ#,#2019-03-01#,0.1766
#399300.SZ#,#002415.SZ#,#2019-03-01#,1.0950
#399300.SZ#,#002411.SZ#,#2019-03-01#,0.0546
#399300.SZ#,#300059.SZ#,#2019-03-01#,0.6466
#399300.SZ#,#601688.SH#,#2019-03-01#,0.6634
#399300.SZ#,#002352.SZ#,#2019-03-01#,0.1523
#399300.SZ#,#300033.SZ#,#2019-03-01#,0.1490
#399300.SZ#,#300015.SZ#,#2019-03-01#,0.2702
#399300.SZ#,#300017.SZ#,#2019-03-01#,0.1341
#399300.SZ#,#601318.SH#,#2019-05-06#,7.6460
#399300.SZ#,#601166.SH#,#2019-05-06#,2.0954
#399300.SZ#,#002120.SZ#,#2019-05-06#,0.0432
#399300.SZ#,#601628.SH#,#2019-05-06#,0.3994
#399300.SZ#,#601333.SH#,#2019-05-06#,0.0958
#399300.SZ#,#601991.SH#,#2019-05-06#,0.0679
#399300.SZ#,#601398.SH#,#2019-05-06#,1.0724
#399300.SZ#,#002085.SZ#,#2019-05-06#,0.0822
#399300.SZ#,#600018.SH#,#2019-05-06#,0.2059
#399300.SZ#,#002081.SZ#,#2019-05-06#,0.1392
#399300.SZ#,#601111.SH#,#2019-05-06#,0.2385
#399300.SZ#,#601006.SH#,#2019-05-06#,0.4275
#399300.SZ#,#600048.SH#,#2019-05-06#,0.7958
#399300.SZ#,#002146.SZ#,#2019-05-06#,0.1450
#399300.SZ#,#002153.SZ#,#2019-05-06#,0.0790
#399300.SZ#,#002065.SZ#,#2019-05-06#,0.1168
#399300.SZ#,#601988.SH#,#2019-05-06#,0.6925
#399300.SZ#,#002050.SZ#,#2019-05-06#,0.1369
#399300.SZ#,#002044.SZ#,#2019-05-06#,0.2483
#399300.SZ#,#600027.SH#,#2019-05-06#,0.1088
#399300.SZ#,#002032.SZ#,#2019-05-06#,0.0962
#399300.SZ#,#002027.SZ#,#2019-05-06#,0.3764
#399300.SZ#,#002024.SZ#,#2019-05-06#,0.3774
#399300.SZ#,#600482.SH#,#2019-05-06#,0.1320
#399300.SZ#,#002008.SZ#,#2019-05-06#,0.2679
#399300.SZ#,#002007.SZ#,#2019-05-06#,0.1934
#399300.SZ#,#002001.SZ#,#2019-05-06#,0.1318
#399300.SZ#,#600438.SH#,#2019-05-06#,0.2352
#399300.SZ#,#000100.SZ#,#2019-05-06#,0.3175
#399300.SZ#,#600340.SH#,#2019-05-06#,0.4574
#399300.SZ#,#600900.SH#,#2019-05-06#,0.9701
#399300.SZ#,#600406.SH#,#2019-05-06#,0.2987
#399300.SZ#,#600015.SH#,#2019-05-06#,0.4120
#399300.SZ#,#600547.SH#,#2019-05-06#,0.1900
#399300.SZ#,#600487.SH#,#2019-05-06#,0.2093
#399300.SZ#,#600489.SH#,#2019-05-06#,0.1188
#399300.SZ#,#600352.SH#,#2019-05-06#,0.4285
#399300.SZ#,#600029.SH#,#2019-05-06#,0.2288
#399300.SZ#,#600271.SH#,#2019-05-06#,0.2288
#399300.SZ#,#600031.SH#,#2019-05-06#,0.5810
#399300.SZ#,#600436.SH#,#2019-05-06#,0.2850
#399300.SZ#,#600570.SH#,#2019-05-06#,0.3211
#399300.SZ#,#600004.SH#,#2019-05-06#,0.1357
#399300.SZ#,#600030.SH#,#2019-05-06#,1.4190
#399300.SZ#,#600549.SH#,#2019-05-06#,0.0914
#399300.SZ#,#600522.SH#,#2019-05-06#,0.1947
#399300.SZ#,#600050.SH#,#2019-05-06#,0.4903
#399300.SZ#,#600516.SH#,#2019-05-06#,0.1761
#399300.SZ#,#600535.SH#,#2019-05-06#,0.1575
#399300.SZ#,#600893.SH#,#2019-05-06#,0.1820
#399300.SZ#,#600887.SH#,#2019-05-06#,1.5850
#399300.SZ#,#600886.SH#,#2019-05-06#,0.2782
#399300.SZ#,#600867.SH#,#2019-05-06#,0.1760
#399300.SZ#,#601607.SH#,#2019-05-06#,0.1870
#399300.SZ#,#600837.SH#,#2019-05-06#,0.8849
#399300.SZ#,#600816.SH#,#2019-05-06#,0.0987
#399300.SZ#,#600809.SH#,#2019-05-06#,0.1181
#399300.SZ#,#600795.SH#,#2019-05-06#,0.2665
#399300.SZ#,#600760.SH#,#2019-05-06#,0.1018
#399300.SZ#,#600741.SH#,#2019-05-06#,0.3005
#399300.SZ#,#600739.SH#,#2019-05-06#,0.1422
#399300.SZ#,#600705.SH#,#2019-05-06#,0.2044
#399300.SZ#,#600704.SH#,#2019-05-06#,0.0836
#399300.SZ#,#600703.SH#,#2019-05-06#,0.2499
#399300.SZ#,#600690.SH#,#2019-05-06#,0.5190
#399300.SZ#,#600688.SH#,#2019-05-06#,0.0950
#399300.SZ#,#600674.SH#,#2019-05-06#,0.1309
#399300.SZ#,#600660.SH#,#2019-05-06#,0.2906
#399300.SZ#,#600637.SH#,#2019-05-06#,0.1850
#399300.SZ#,#600606.SH#,#2019-05-06#,0.2247
#399300.SZ#,#600588.SH#,#2019-05-06#,0.2366
#399300.SZ#,#600585.SH#,#2019-05-06#,0.6694
#399300.SZ#,#600583.SH#,#2019-05-06#,0.1018
#399300.SZ#,#600566.SH#,#2019-05-06#,0.0941
#399300.SZ#,#600519.SH#,#2019-05-06#,3.9572
#399300.SZ#,#600518.SH#,#2019-05-06#,0.2228
#399300.SZ#,#600498.SH#,#2019-05-06#,0.1607
#399300.SZ#,#600415.SH#,#2019-05-06#,0.0951
#399300.SZ#,#600398.SH#,#2019-05-06#,0.1373
#399300.SZ#,#600390.SH#,#2019-05-06#,0.0428
#399300.SZ#,#600383.SH#,#2019-05-06#,0.2243
#399300.SZ#,#600372.SH#,#2019-05-06#,0.0657
#399300.SZ#,#600369.SH#,#2019-05-06#,0.1158
#399300.SZ#,#600362.SH#,#2019-05-06#,0.1270
#399300.SZ#,#600346.SH#,#2019-05-06#,0.1097
#399300.SZ#,#600339.SH#,#2019-05-06#,0.0590
#399300.SZ#,#600332.SH#,#2019-05-06#,0.2107
#399300.SZ#,#600309.SH#,#2019-05-06#,0.5800
#399300.SZ#,#600297.SH#,#2019-05-06#,0.0981
#399300.SZ#,#600276.SH#,#2019-05-06#,1.4795
#399300.SZ#,#600233.SH#,#2019-05-06#,0.0398
#399300.SZ#,#600221.SH#,#2019-05-06#,0.2070
#399300.SZ#,#600219.SH#,#2019-05-06#,0.1452
#399300.SZ#,#600208.SH#,#2019-05-06#,0.1215
#399300.SZ#,#600196.SH#,#2019-05-06#,0.2322
#399300.SZ#,#600188.SH#,#2019-05-06#,0.0831
#399300.SZ#,#600177.SH#,#2019-05-06#,0.2007
#399300.SZ#,#600176.SH#,#2019-05-06#,0.1817
#399300.SZ#,#600170.SH#,#2019-05-06#,0.1440
#399300.SZ#,#600157.SH#,#2019-05-06#,0.1026
#399300.SZ#,#600153.SH#,#2019-05-06#,0.1346
#399300.SZ#,#600118.SH#,#2019-05-06#,0.1066
#399300.SZ#,#600115.SH#,#2019-05-06#,0.2118
#399300.SZ#,#600111.SH#,#2019-05-06#,0.1806
#399300.SZ#,#600109.SH#,#2019-05-06#,0.1943
#399300.SZ#,#600104.SH#,#2019-05-06#,0.7958
#399300.SZ#,#600100.SH#,#2019-05-06#,0.1755
#399300.SZ#,#600089.SH#,#2019-05-06#,0.2322
#399300.SZ#,#600085.SH#,#2019-05-06#,0.1420
#399300.SZ#,#600068.SH#,#2019-05-06#,0.1525
#399300.SZ#,#600066.SH#,#2019-05-06#,0.1523
#399300.SZ#,#600061.SH#,#2019-05-06#,0.0919
#399300.SZ#,#600038.SH#,#2019-05-06#,0.1012
#399300.SZ#,#600036.SH#,#2019-05-06#,3.0403
#399300.SZ#,#600028.SH#,#2019-05-06#,0.5874
#399300.SZ#,#600019.SH#,#2019-05-06#,0.5342
#399300.SZ#,#600016.SH#,#2019-05-06#,1.3443
#399300.SZ#,#600011.SH#,#2019-05-06#,0.2566
#399300.SZ#,#600010.SH#,#2019-05-06#,0.2520
#399300.SZ#,#600009.SH#,#2019-05-06#,0.5603
#399300.SZ#,#600000.SH#,#2019-05-06#,1.2043
#399300.SZ#,#000983.SZ#,#2019-05-06#,0.0857
#399300.SZ#,#000963.SZ#,#2019-05-06#,0.2185
#399300.SZ#,#000961.SZ#,#2019-05-06#,0.1346
#399300.SZ#,#000959.SZ#,#2019-05-06#,0.0523
#399300.SZ#,#000938.SZ#,#2019-05-06#,0.0624
#399300.SZ#,#000898.SZ#,#2019-05-06#,0.0815
#399300.SZ#,#000895.SZ#,#2019-05-06#,0.2263
#399300.SZ#,#000876.SZ#,#2019-05-06#,0.3128
#399300.SZ#,#000858.SZ#,#2019-05-06#,1.5541
#399300.SZ#,#000839.SZ#,#2019-05-06#,0.1016
#399300.SZ#,#000826.SZ#,#2019-05-06#,0.0680
#399300.SZ#,#000792.SZ#,#2019-05-06#,0.0898
#399300.SZ#,#000786.SZ#,#2019-05-06#,0.1344
#399300.SZ#,#000783.SZ#,#2019-05-06#,0.2396
#399300.SZ#,#000776.SZ#,#2019-05-06#,0.3604
#399300.SZ#,#000768.SZ#,#2019-05-06#,0.1785
#399300.SZ#,#000728.SZ#,#2019-05-06#,0.1548
#399300.SZ#,#000725.SZ#,#2019-05-06#,0.6841
#399300.SZ#,#000709.SZ#,#2019-05-06#,0.1115
#399300.SZ#,#000703.SZ#,#2019-05-06#,0.1379
#399300.SZ#,#000671.SZ#,#2019-05-06#,0.0890
#399300.SZ#,#000661.SZ#,#2019-05-06#,0.3436
#399300.SZ#,#000651.SZ#,#2019-05-06#,2.1557
#399300.SZ#,#000630.SZ#,#2019-05-06#,0.1274
#399300.SZ#,#000627.SZ#,#2019-05-06#,0.0822
#399300.SZ#,#000625.SZ#,#2019-05-06#,0.1326
#399300.SZ#,#000568.SZ#,#2019-05-06#,0.4488
#399300.SZ#,#000553.SZ#,#2019-05-06#,0.0223
#399300.SZ#,#000538.SZ#,#2019-05-06#,0.3712
#399300.SZ#,#000503.SZ#,#2019-05-06#,0.1249
#399300.SZ#,#000425.SZ#,#2019-05-06#,0.1712
#399300.SZ#,#000423.SZ#,#2019-05-06#,0.1667
#399300.SZ#,#000415.SZ#,#2019-05-06#,0.0647
#399300.SZ#,#000413.SZ#,#2019-05-06#,0.1904
#399300.SZ#,#000408.SZ#,#2019-05-06#,0.0510
#399300.SZ#,#000402.SZ#,#2019-05-06#,0.0800
#399300.SZ#,#000157.SZ#,#2019-05-06#,0.1832
#399300.SZ#,#000069.SZ#,#2019-05-06#,0.2649
#399300.SZ#,#000063.SZ#,#2019-05-06#,0.5985
#399300.SZ#,#000002.SZ#,#2019-05-06#,1.1453
#399300.SZ#,#000001.SZ#,#2019-05-06#,0.9604
#399300.SZ#,#601138.SH#,#2019-05-06#,0.1430
#399300.SZ#,#001965.SZ#,#2019-05-06#,0.0384
#399300.SZ#,#603259.SH#,#2019-05-06#,0.0737
#399300.SZ#,#601066.SH#,#2019-05-06#,0.0817
#399300.SZ#,#002925.SZ#,#2019-05-06#,0.0390
#399300.SZ#,#600025.SH#,#2019-05-06#,0.0610
#399300.SZ#,#603260.SH#,#2019-05-06#,0.0294
#399300.SZ#,#001979.SZ#,#2019-05-06#,0.4252
#399300.SZ#,#601155.SH#,#2019-05-06#,0.2942
#399300.SZ#,#601108.SH#,#2019-05-06#,0.0348
#399300.SZ#,#601228.SH#,#2019-05-06#,0.0696
#399300.SZ#,#603833.SH#,#2019-05-06#,0.1265
#399300.SZ#,#601881.SH#,#2019-05-06#,0.1166
#399300.SZ#,#300408.SZ#,#2019-05-06#,0.1723
#399300.SZ#,#603858.SH#,#2019-05-06#,0.1106
#399300.SZ#,#600977.SH#,#2019-05-06#,0.1054
#399300.SZ#,#601611.SH#,#2019-05-06#,0.0548
#399300.SZ#,#601212.SH#,#2019-05-06#,0.0284
#399300.SZ#,#603799.SH#,#2019-05-06#,0.1184
#399300.SZ#,#300433.SZ#,#2019-05-06#,0.0513
#399300.SZ#,#603160.SH#,#2019-05-06#,0.0940
#399300.SZ#,#603986.SH#,#2019-05-06#,0.0924
#399300.SZ#,#601985.SH#,#2019-05-06#,0.2289
#399300.SZ#,#601828.SH#,#2019-05-06#,0.0318
#399300.SZ#,#601021.SH#,#2019-05-06#,0.0954
#399300.SZ#,#600023.SH#,#2019-05-06#,0.1628
#399300.SZ#,#000333.SZ#,#2019-05-06#,1.9786
#399300.SZ#,#601808.SH#,#2019-05-06#,0.0472
#399300.SZ#,#601939.SH#,#2019-05-06#,0.4174
#399300.SZ#,#002179.SZ#,#2019-05-06#,0.1375
#399300.SZ#,#601169.SH#,#2019-05-06#,0.7989
#399300.SZ#,#002773.SZ#,#2019-05-06#,0.0536
#399300.SZ#,#002714.SZ#,#2019-05-06#,0.3267
#399300.SZ#,#601238.SH#,#2019-05-06#,0.0933
#399300.SZ#,#603288.SH#,#2019-05-06#,0.6234
#399300.SZ#,#603993.SH#,#2019-05-06#,0.2402
#399300.SZ#,#300296.SZ#,#2019-05-06#,0.1080
#399300.SZ#,#601360.SH#,#2019-05-06#,0.0735
#399300.SZ#,#601800.SH#,#2019-05-06#,0.2269
#399300.SZ#,#601555.SH#,#2019-05-06#,0.2111
#399300.SZ#,#601225.SH#,#2019-05-06#,0.3001
#399300.SZ#,#002625.SZ#,#2019-05-06#,0.0345
#399300.SZ#,#601669.SH#,#2019-05-06#,0.2681
#399300.SZ#,#002624.SZ#,#2019-05-06#,0.0935
#399300.SZ#,#300251.SZ#,#2019-05-06#,0.0537
#399300.SZ#,#002602.SZ#,#2019-05-06#,0.0775
#399300.SZ#,#002601.SZ#,#2019-05-06#,0.0763
#399300.SZ#,#601877.SH#,#2019-05-06#,0.1803
#399300.SZ#,#002594.SZ#,#2019-05-06#,0.4102
#399300.SZ#,#300003.SZ#,#2019-05-06#,0.2316
#399300.SZ#,#603156.SH#,#2019-05-06#,0.0266
#399300.SZ#,#601117.SH#,#2019-05-06#,0.0985
#399300.SZ#,#002572.SZ#,#2019-05-06#,0.1133
#399300.SZ#,#601618.SH#,#2019-05-06#,0.1906
#399300.SZ#,#601992.SH#,#2019-05-06#,0.1050
#399300.SZ#,#002311.SZ#,#2019-05-06#,0.2034
#399300.SZ#,#601216.SH#,#2019-05-06#,0.0971
#399300.SZ#,#002310.SZ#,#2019-05-06#,0.0691
#399300.SZ#,#002558.SZ#,#2019-05-06#,0.0950
#399300.SZ#,#601989.SH#,#2019-05-06#,0.4073
#399300.SZ#,#002555.SZ#,#2019-05-06#,0.0759
#399300.SZ#,#601888.SH#,#2019-05-06#,0.6450
#399300.SZ#,#601933.SH#,#2019-05-06#,0.3161
#399300.SZ#,#600999.SH#,#2019-05-06#,0.3977
#399300.SZ#,#601211.SH#,#2019-05-06#,0.6719
#399300.SZ#,#002294.SZ#,#2019-05-06#,0.0815
#399300.SZ#,#002736.SZ#,#2019-05-06#,0.2438
#399300.SZ#,#601727.SH#,#2019-05-06#,0.1655
#399300.SZ#,#000166.SZ#,#2019-05-06#,0.2762
#399300.SZ#,#601633.SH#,#2019-05-06#,0.0866
#399300.SZ#,#300144.SZ#,#2019-05-06#,0.1371
#399300.SZ#,#601766.SH#,#2019-05-06#,0.6902
#399300.SZ#,#600919.SH#,#2019-05-06#,0.4395
#399300.SZ#,#601788.SH#,#2019-05-06#,0.1903
#399300.SZ#,#600926.SH#,#2019-05-06#,0.1543
#399300.SZ#,#002271.SZ#,#2019-05-06#,0.1497
#399300.SZ#,#002508.SZ#,#2019-05-06#,0.1093
#399300.SZ#,#601668.SH#,#2019-05-06#,1.0565
#399300.SZ#,#300142.SZ#,#2019-05-06#,0.2623
#399300.SZ#,#601229.SH#,#2019-05-06#,0.5847
#399300.SZ#,#300136.SZ#,#2019-05-06#,0.1636
#399300.SZ#,#601997.SH#,#2019-05-06#,0.1585
#399300.SZ#,#600958.SH#,#2019-05-06#,0.3196
#399300.SZ#,#601838.SH#,#2019-05-06#,0.0311
#399300.SZ#,#002493.SZ#,#2019-05-06#,0.1323
#399300.SZ#,#601288.SH#,#2019-05-06#,1.2155
#399300.SZ#,#600998.SH#,#2019-05-06#,0.0729
#399300.SZ#,#601198.SH#,#2019-05-06#,0.1430
#399300.SZ#,#300122.SZ#,#2019-05-06#,0.1676
#399300.SZ#,#002673.SZ#,#2019-05-06#,0.1457
#399300.SZ#,#601818.SH#,#2019-05-06#,0.5592
#399300.SZ#,#601878.SH#,#2019-05-06#,0.1045
#399300.SZ#,#002475.SZ#,#2019-05-06#,0.5039
#399300.SZ#,#600909.SH#,#2019-05-06#,0.0963
#399300.SZ#,#601336.SH#,#2019-05-06#,0.3798
#399300.SZ#,#002797.SZ#,#2019-05-06#,0.1158
#399300.SZ#,#601377.SH#,#2019-05-06#,0.2498
#399300.SZ#,#601901.SH#,#2019-05-06#,0.2311
#399300.SZ#,#002468.SZ#,#2019-05-06#,0.0583
#399300.SZ#,#002241.SZ#,#2019-05-06#,0.1623
#399300.SZ#,#601018.SH#,#2019-05-06#,0.1656
#399300.SZ#,#002252.SZ#,#2019-05-06#,0.0985
#399300.SZ#,#300124.SZ#,#2019-05-06#,0.2081
#399300.SZ#,#002236.SZ#,#2019-05-06#,0.2325
#399300.SZ#,#002460.SZ#,#2019-05-06#,0.1586
#399300.SZ#,#002230.SZ#,#2019-05-06#,0.3703
#399300.SZ#,#002450.SZ#,#2019-05-06#,0.0877
#399300.SZ#,#601186.SH#,#2019-05-06#,0.4016
#399300.SZ#,#002466.SZ#,#2019-05-06#,0.1687
#399300.SZ#,#601898.SH#,#2019-05-06#,0.0768
#399300.SZ#,#601012.SH#,#2019-05-06#,0.4980
#399300.SZ#,#601899.SH#,#2019-05-06#,0.3346
#399300.SZ#,#300072.SZ#,#2019-05-06#,0.0892
#399300.SZ#,#300024.SZ#,#2019-05-06#,0.1453
#399300.SZ#,#300070.SZ#,#2019-05-06#,0.1382
#399300.SZ#,#601601.SH#,#2019-05-06#,0.9372
#399300.SZ#,#002456.SZ#,#2019-05-06#,0.1992
#399300.SZ#,#002202.SZ#,#2019-05-06#,0.2645
#399300.SZ#,#002422.SZ#,#2019-05-06#,0.2049
#399300.SZ#,#601390.SH#,#2019-05-06#,0.4361
#399300.SZ#,#002415.SZ#,#2019-05-06#,0.9692
#399300.SZ#,#601857.SH#,#2019-05-06#,0.5166
#399300.SZ#,#002411.SZ#,#2019-05-06#,0.0533
#399300.SZ#,#002304.SZ#,#2019-05-06#,0.5707
#399300.SZ#,#300059.SZ#,#2019-05-06#,0.4871
#399300.SZ#,#601088.SH#,#2019-05-06#,0.3249
#399300.SZ#,#601688.SH#,#2019-05-06#,0.5213
#399300.SZ#,#601009.SH#,#2019-05-06#,0.4289
#399300.SZ#,#002352.SZ#,#2019-05-06#,0.1331
#399300.SZ#,#002142.SZ#,#2019-05-06#,0.4847
#399300.SZ#,#300033.SZ#,#2019-05-06#,0.1532
#399300.SZ#,#601919.SH#,#2019-05-06#,0.1763
#399300.SZ#,#300015.SZ#,#2019-05-06#,0.2859
#399300.SZ#,#601600.SH#,#2019-05-06#,0.2200
#399300.SZ#,#300017.SZ#,#2019-05-06#,0.1276
#399300.SZ#,#601328.SH#,#2019-05-06#,1.4784
#399300.SZ#,#601998.SH#,#2019-05-06#,0.1625
#399300.SZ#,#000338.SZ#,#2019-05-06#,0.4778
#399300.SZ#,#601066.SH#,#2019-06-03#,0.0924
#399300.SZ#,#000983.SZ#,#2019-06-03#,0.0841
#399300.SZ#,#002925.SZ#,#2019-06-03#,0.0320
#399300.SZ#,#000963.SZ#,#2019-06-03#,0.1897
#399300.SZ#,#600025.SH#,#2019-06-03#,0.0645
#399300.SZ#,#000961.SZ#,#2019-06-03#,0.1469
#399300.SZ#,#603260.SH#,#2019-06-03#,0.0313
#399300.SZ#,#000959.SZ#,#2019-06-03#,0.0493
#399300.SZ#,#001979.SZ#,#2019-06-03#,0.4493
#399300.SZ#,#000938.SZ#,#2019-06-03#,0.0715
#399300.SZ#,#601155.SH#,#2019-06-03#,0.2954
#399300.SZ#,#000898.SZ#,#2019-06-03#,0.0830
#399300.SZ#,#601108.SH#,#2019-06-03#,0.0360
#399300.SZ#,#000895.SZ#,#2019-06-03#,0.2160
#399300.SZ#,#601228.SH#,#2019-06-03#,0.0680
#399300.SZ#,#000876.SZ#,#2019-06-03#,0.3737
#399300.SZ#,#603833.SH#,#2019-06-03#,0.1309
#399300.SZ#,#000858.SZ#,#2019-06-03#,1.7369
#399300.SZ#,#601881.SH#,#2019-06-03#,0.1160
#399300.SZ#,#000839.SZ#,#2019-06-03#,0.0968
#399300.SZ#,#300408.SZ#,#2019-06-03#,0.1742
#399300.SZ#,#000826.SZ#,#2019-06-03#,0.0628
#399300.SZ#,#603858.SH#,#2019-06-03#,0.0986
#399300.SZ#,#000792.SZ#,#2019-06-03#,0.0897
#399300.SZ#,#600977.SH#,#2019-06-03#,0.0980
#399300.SZ#,#000786.SZ#,#2019-06-03#,0.1431
#399300.SZ#,#601611.SH#,#2019-06-03#,0.0528
#399300.SZ#,#000783.SZ#,#2019-06-03#,0.2448
#399300.SZ#,#601212.SH#,#2019-06-03#,0.0317
#399300.SZ#,#000776.SZ#,#2019-06-03#,0.3376
#399300.SZ#,#603799.SH#,#2019-06-03#,0.1191
#399300.SZ#,#000768.SZ#,#2019-06-03#,0.1880
#399300.SZ#,#300433.SZ#,#2019-06-03#,0.0477
#399300.SZ#,#000728.SZ#,#2019-06-03#,0.1640
#399300.SZ#,#603160.SH#,#2019-06-03#,0.0918
#399300.SZ#,#000725.SZ#,#2019-06-03#,0.7192
#399300.SZ#,#603986.SH#,#2019-06-03#,0.0943
#399300.SZ#,#000709.SZ#,#2019-06-03#,0.1124
#399300.SZ#,#601985.SH#,#2019-06-03#,0.2257
#399300.SZ#,#000703.SZ#,#2019-06-03#,0.1304
#399300.SZ#,#601828.SH#,#2019-06-03#,0.0351
#399300.SZ#,#000671.SZ#,#2019-06-03#,0.0863
#399300.SZ#,#601021.SH#,#2019-06-03#,0.1066
#399300.SZ#,#000661.SZ#,#2019-06-03#,0.3796
#399300.SZ#,#600023.SH#,#2019-06-03#,0.1681
#399300.SZ#,#000651.SZ#,#2019-06-03#,2.2287
#399300.SZ#,#000333.SZ#,#2019-06-03#,2.0508
#399300.SZ#,#000630.SZ#,#2019-06-03#,0.1326
#399300.SZ#,#601808.SH#,#2019-06-03#,0.0482
#399300.SZ#,#000627.SZ#,#2019-06-03#,0.0824
#399300.SZ#,#601939.SH#,#2019-06-03#,0.4152
#399300.SZ#,#000625.SZ#,#2019-06-03#,0.1197
#399300.SZ#,#002179.SZ#,#2019-06-03#,0.1443
#399300.SZ#,#000568.SZ#,#2019-06-03#,0.4496
#399300.SZ#,#601169.SH#,#2019-06-03#,0.7611
#399300.SZ#,#000553.SZ#,#2019-06-03#,0.0237
#399300.SZ#,#002773.SZ#,#2019-06-03#,0.0572
#399300.SZ#,#000538.SZ#,#2019-06-03#,0.3616
#399300.SZ#,#002714.SZ#,#2019-06-03#,0.3594
#399300.SZ#,#000503.SZ#,#2019-06-03#,0.1121
#399300.SZ#,#601238.SH#,#2019-06-03#,0.0886
#399300.SZ#,#000425.SZ#,#2019-06-03#,0.1770
#399300.SZ#,#603288.SH#,#2019-06-03#,0.7356
#399300.SZ#,#000423.SZ#,#2019-06-03#,0.1638
#399300.SZ#,#603993.SH#,#2019-06-03#,0.2481
#399300.SZ#,#000415.SZ#,#2019-06-03#,0.0625
#399300.SZ#,#300296.SZ#,#2019-06-03#,0.1024
#399300.SZ#,#000413.SZ#,#2019-06-03#,0.1668
#399300.SZ#,#601360.SH#,#2019-06-03#,0.0751
#399300.SZ#,#000408.SZ#,#2019-06-03#,0.0377
#399300.SZ#,#601800.SH#,#2019-06-03#,0.2261
#399300.SZ#,#000402.SZ#,#2019-06-03#,0.0764
#399300.SZ#,#601555.SH#,#2019-06-03#,0.2109
#399300.SZ#,#000157.SZ#,#2019-06-03#,0.2101
#399300.SZ#,#601225.SH#,#2019-06-03#,0.3048
#399300.SZ#,#000069.SZ#,#2019-06-03#,0.2468
#399300.SZ#,#002625.SZ#,#2019-06-03#,0.0340
#399300.SZ#,#000063.SZ#,#2019-06-03#,0.6357
#399300.SZ#,#601669.SH#,#2019-06-03#,0.2645
#399300.SZ#,#000002.SZ#,#2019-06-03#,1.1339
#399300.SZ#,#002624.SZ#,#2019-06-03#,0.0863
#399300.SZ#,#000001.SZ#,#2019-06-03#,0.9012
#399300.SZ#,#300251.SZ#,#2019-06-03#,0.0533
#399300.SZ#,#002602.SZ#,#2019-06-03#,0.0712
#399300.SZ#,#002601.SZ#,#2019-06-03#,0.0830
#399300.SZ#,#002594.SZ#,#2019-06-03#,0.3902
#399300.SZ#,#603156.SH#,#2019-06-03#,0.0238
#399300.SZ#,#002572.SZ#,#2019-06-03#,0.1049
#399300.SZ#,#601992.SH#,#2019-06-03#,0.1106
#399300.SZ#,#601216.SH#,#2019-06-03#,0.0965
#399300.SZ#,#002558.SZ#,#2019-06-03#,0.0966
#399300.SZ#,#002555.SZ#,#2019-06-03#,0.0674
#399300.SZ#,#601933.SH#,#2019-06-03#,0.3353
#399300.SZ#,#601211.SH#,#2019-06-03#,0.6381
#399300.SZ#,#002736.SZ#,#2019-06-03#,0.2552
#399300.SZ#,#000166.SZ#,#2019-06-03#,0.2821
#399300.SZ#,#300144.SZ#,#2019-06-03#,0.1356
#399300.SZ#,#600919.SH#,#2019-06-03#,0.4448
#399300.SZ#,#600926.SH#,#2019-06-03#,0.1484
#399300.SZ#,#002508.SZ#,#2019-06-03#,0.1067
#399300.SZ#,#300142.SZ#,#2019-06-03#,0.2691
#399300.SZ#,#300136.SZ#,#2019-06-03#,0.1571
#399300.SZ#,#600958.SH#,#2019-06-03#,0.3215
#399300.SZ#,#002493.SZ#,#2019-06-03#,0.1240
#399300.SZ#,#600998.SH#,#2019-06-03#,0.0644
#399300.SZ#,#300122.SZ#,#2019-06-03#,0.1709
#399300.SZ#,#601818.SH#,#2019-06-03#,0.5464
#399300.SZ#,#002475.SZ#,#2019-06-03#,0.4743
#399300.SZ#,#601336.SH#,#2019-06-03#,0.3811
#399300.SZ#,#601377.SH#,#2019-06-03#,0.2547
#399300.SZ#,#002468.SZ#,#2019-06-03#,0.0652
#399300.SZ#,#601018.SH#,#2019-06-03#,0.1565
#399300.SZ#,#300124.SZ#,#2019-06-03#,0.1971
#399300.SZ#,#002460.SZ#,#2019-06-03#,0.1654
#399300.SZ#,#002450.SZ#,#2019-06-03#,0.0513
#399300.SZ#,#002466.SZ#,#2019-06-03#,0.1637
#399300.SZ#,#601012.SH#,#2019-06-03#,0.5186
#399300.SZ#,#300072.SZ#,#2019-06-03#,0.0774
#399300.SZ#,#300070.SZ#,#2019-06-03#,0.1232
#399300.SZ#,#002456.SZ#,#2019-06-03#,0.1374
#399300.SZ#,#002422.SZ#,#2019-06-03#,0.2291
#399300.SZ#,#002415.SZ#,#2019-06-03#,0.8237
#399300.SZ#,#002411.SZ#,#2019-06-03#,0.0484
#399300.SZ#,#300059.SZ#,#2019-06-03#,0.5083
#399300.SZ#,#601688.SH#,#2019-06-03#,0.5422
#399300.SZ#,#002352.SZ#,#2019-06-03#,0.1288
#399300.SZ#,#300033.SZ#,#2019-06-03#,0.1616
#399300.SZ#,#300015.SZ#,#2019-06-03#,0.3150
#399300.SZ#,#300017.SZ#,#2019-06-03#,0.1338
#399300.SZ#,#601877.SH#,#2019-06-03#,0.1794
#399300.SZ#,#300003.SZ#,#2019-06-03#,0.2114
#399300.SZ#,#601117.SH#,#2019-06-03#,0.1036
#399300.SZ#,#601618.SH#,#2019-06-03#,0.1890
#399300.SZ#,#002311.SZ#,#2019-06-03#,0.2126
#399300.SZ#,#002310.SZ#,#2019-06-03#,0.0704
#399300.SZ#,#601989.SH#,#2019-06-03#,0.4141
#399300.SZ#,#601888.SH#,#2019-06-03#,0.6598
#399300.SZ#,#600999.SH#,#2019-06-03#,0.3894
#399300.SZ#,#002294.SZ#,#2019-06-03#,0.0820
#399300.SZ#,#601727.SH#,#2019-06-03#,0.1642
#399300.SZ#,#601633.SH#,#2019-06-03#,0.0919
#399300.SZ#,#601766.SH#,#2019-06-03#,0.6798
#399300.SZ#,#601788.SH#,#2019-06-03#,0.1768
#399300.SZ#,#002271.SZ#,#2019-06-03#,0.1515
#399300.SZ#,#601668.SH#,#2019-06-03#,1.0425
#399300.SZ#,#601229.SH#,#2019-06-03#,0.5485
#399300.SZ#,#601997.SH#,#2019-06-03#,0.1564
#399300.SZ#,#601838.SH#,#2019-06-03#,0.0296
#399300.SZ#,#601288.SH#,#2019-06-03#,1.2604
#399300.SZ#,#601198.SH#,#2019-06-03#,0.1421
#399300.SZ#,#002673.SZ#,#2019-06-03#,0.1512
#399300.SZ#,#601878.SH#,#2019-06-03#,0.1037
#399300.SZ#,#600909.SH#,#2019-06-03#,0.0982
#399300.SZ#,#002797.SZ#,#2019-06-03#,0.1131
#399300.SZ#,#601901.SH#,#2019-06-03#,0.2607
#399300.SZ#,#002241.SZ#,#2019-06-03#,0.1353
#399300.SZ#,#002252.SZ#,#2019-06-03#,0.0904
#399300.SZ#,#002236.SZ#,#2019-06-03#,0.2010
#399300.SZ#,#002230.SZ#,#2019-06-03#,0.3768
#399300.SZ#,#601186.SH#,#2019-06-03#,0.3840
#399300.SZ#,#601898.SH#,#2019-06-03#,0.0760
#399300.SZ#,#601899.SH#,#2019-06-03#,0.3567
#399300.SZ#,#300024.SZ#,#2019-06-03#,0.1472
#399300.SZ#,#601601.SH#,#2019-06-03#,0.9624
#399300.SZ#,#002202.SZ#,#2019-06-03#,0.2782
#399300.SZ#,#601390.SH#,#2019-06-03#,0.4228
#399300.SZ#,#601857.SH#,#2019-06-03#,0.5092
#399300.SZ#,#002304.SZ#,#2019-06-03#,0.6046
#399300.SZ#,#601088.SH#,#2019-06-03#,0.3240
#399300.SZ#,#601009.SH#,#2019-06-03#,0.4321
#399300.SZ#,#002142.SZ#,#2019-06-03#,0.5231
#399300.SZ#,#601919.SH#,#2019-06-03#,0.1646
#399300.SZ#,#601600.SH#,#2019-06-03#,0.2250
#399300.SZ#,#601328.SH#,#2019-06-03#,1.4517
#399300.SZ#,#601998.SH#,#2019-06-03#,0.1576
#399300.SZ#,#000338.SZ#,#2019-06-03#,0.4926
#399300.SZ#,#601318.SH#,#2019-06-03#,7.5725
#399300.SZ#,#601166.SH#,#2019-06-03#,1.9406
#399300.SZ#,#002120.SZ#,#2019-06-03#,0.0472
#399300.SZ#,#601628.SH#,#2019-06-03#,0.3851
#399300.SZ#,#601333.SH#,#2019-06-03#,0.0942
#399300.SZ#,#601991.SH#,#2019-06-03#,0.0698
#399300.SZ#,#601398.SH#,#2019-06-03#,1.0845
#399300.SZ#,#002085.SZ#,#2019-06-03#,0.0838
#399300.SZ#,#600018.SH#,#2019-06-03#,0.2135
#399300.SZ#,#002081.SZ#,#2019-06-03#,0.1372
#399300.SZ#,#601111.SH#,#2019-06-03#,0.2322
#399300.SZ#,#601006.SH#,#2019-06-03#,0.4427
#399300.SZ#,#600048.SH#,#2019-06-03#,0.7666
#399300.SZ#,#002146.SZ#,#2019-06-03#,0.1416
#399300.SZ#,#002153.SZ#,#2019-06-03#,0.0931
#399300.SZ#,#002065.SZ#,#2019-06-03#,0.1164
#399300.SZ#,#601988.SH#,#2019-06-03#,0.6879
#399300.SZ#,#002050.SZ#,#2019-06-03#,0.0988
#399300.SZ#,#002044.SZ#,#2019-06-03#,0.2136
#399300.SZ#,#600027.SH#,#2019-06-03#,0.1132
#399300.SZ#,#002032.SZ#,#2019-06-03#,0.1048
#399300.SZ#,#002027.SZ#,#2019-06-03#,0.3515
#399300.SZ#,#002024.SZ#,#2019-06-03#,0.3518
#399300.SZ#,#600482.SH#,#2019-06-03#,0.1381
#399300.SZ#,#002008.SZ#,#2019-06-03#,0.2484
#399300.SZ#,#002007.SZ#,#2019-06-03#,0.2113
#399300.SZ#,#002001.SZ#,#2019-06-03#,0.1471
#399300.SZ#,#600438.SH#,#2019-06-03#,0.2534
#399300.SZ#,#000100.SZ#,#2019-06-03#,0.3146
#399300.SZ#,#600340.SH#,#2019-06-03#,0.4673
#399300.SZ#,#600900.SH#,#2019-06-03#,1.0281
#399300.SZ#,#600406.SH#,#2019-06-03#,0.2830
#399300.SZ#,#600015.SH#,#2019-06-03#,0.4088
#399300.SZ#,#600547.SH#,#2019-06-03#,0.2116
#399300.SZ#,#600487.SH#,#2019-06-03#,0.1863
#399300.SZ#,#600489.SH#,#2019-06-03#,0.1271
#399300.SZ#,#600352.SH#,#2019-06-03#,0.3793
#399300.SZ#,#600029.SH#,#2019-06-03#,0.2218
#399300.SZ#,#600271.SH#,#2019-06-03#,0.2224
#399300.SZ#,#600031.SH#,#2019-06-03#,0.6185
#399300.SZ#,#600436.SH#,#2019-06-03#,0.2863
#399300.SZ#,#600570.SH#,#2019-06-03#,0.3509
#399300.SZ#,#600004.SH#,#2019-06-03#,0.1437
#399300.SZ#,#600030.SH#,#2019-06-03#,1.4017
#399300.SZ#,#600549.SH#,#2019-06-03#,0.1089
#399300.SZ#,#600522.SH#,#2019-06-03#,0.1930
#399300.SZ#,#600050.SH#,#2019-06-03#,0.5000
#399300.SZ#,#600516.SH#,#2019-06-03#,0.1634
#399300.SZ#,#600535.SH#,#2019-06-03#,0.1447
#399300.SZ#,#600893.SH#,#2019-06-03#,0.1826
#399300.SZ#,#600887.SH#,#2019-06-03#,1.6400
#399300.SZ#,#600886.SH#,#2019-06-03#,0.2855
#399300.SZ#,#600867.SH#,#2019-06-03#,0.1834
#399300.SZ#,#601607.SH#,#2019-06-03#,0.1876
#399300.SZ#,#600837.SH#,#2019-06-03#,0.8772
#399300.SZ#,#600816.SH#,#2019-06-03#,0.0974
#399300.SZ#,#600809.SH#,#2019-06-03#,0.1278
#399300.SZ#,#600795.SH#,#2019-06-03#,0.2621
#399300.SZ#,#600760.SH#,#2019-06-03#,0.1066
#399300.SZ#,#600741.SH#,#2019-06-03#,0.2881
#399300.SZ#,#600739.SH#,#2019-06-03#,0.1344
#399300.SZ#,#600705.SH#,#2019-06-03#,0.2138
#399300.SZ#,#600704.SH#,#2019-06-03#,0.0827
#399300.SZ#,#600703.SH#,#2019-06-03#,0.2327
#399300.SZ#,#600690.SH#,#2019-06-03#,0.5179
#399300.SZ#,#600688.SH#,#2019-06-03#,0.1001
#399300.SZ#,#600674.SH#,#2019-06-03#,0.1412
#399300.SZ#,#600660.SH#,#2019-06-03#,0.2665
#399300.SZ#,#600637.SH#,#2019-06-03#,0.1832
#399300.SZ#,#600606.SH#,#2019-06-03#,0.2138
#399300.SZ#,#600588.SH#,#2019-06-03#,0.2505
#399300.SZ#,#600585.SH#,#2019-06-03#,0.6941
#399300.SZ#,#600583.SH#,#2019-06-03#,0.1113
#399300.SZ#,#600566.SH#,#2019-06-03#,0.0933
#399300.SZ#,#600519.SH#,#2019-06-03#,3.9536
#399300.SZ#,#600518.SH#,#2019-06-03#,0.1048
#399300.SZ#,#600498.SH#,#2019-06-03#,0.1697
#399300.SZ#,#600415.SH#,#2019-06-03#,0.0958
#399300.SZ#,#600398.SH#,#2019-06-03#,0.1403
#399300.SZ#,#600390.SH#,#2019-06-03#,0.0421
#399300.SZ#,#600383.SH#,#2019-06-03#,0.2292
#399300.SZ#,#600372.SH#,#2019-06-03#,0.0689
#399300.SZ#,#600369.SH#,#2019-06-03#,0.1163
#399300.SZ#,#600362.SH#,#2019-06-03#,0.1334
#399300.SZ#,#600346.SH#,#2019-06-03#,0.1095
#399300.SZ#,#600339.SH#,#2019-06-03#,0.0623
#399300.SZ#,#600332.SH#,#2019-06-03#,0.1904
#399300.SZ#,#600309.SH#,#2019-06-03#,0.5302
#399300.SZ#,#600297.SH#,#2019-06-03#,0.0944
#399300.SZ#,#600276.SH#,#2019-06-03#,1.4784
#399300.SZ#,#600233.SH#,#2019-06-03#,0.0428
#399300.SZ#,#600221.SH#,#2019-06-03#,0.2050
#399300.SZ#,#600219.SH#,#2019-06-03#,0.1442
#399300.SZ#,#600208.SH#,#2019-06-03#,0.1123
#399300.SZ#,#600196.SH#,#2019-06-03#,0.2187
#399300.SZ#,#600188.SH#,#2019-06-03#,0.0809
#399300.SZ#,#600177.SH#,#2019-06-03#,0.2099
#399300.SZ#,#600176.SH#,#2019-06-03#,0.1672
#399300.SZ#,#600170.SH#,#2019-06-03#,0.1461
#399300.SZ#,#600157.SH#,#2019-06-03#,0.0992
#399300.SZ#,#600153.SH#,#2019-06-03#,0.1295
#399300.SZ#,#600118.SH#,#2019-06-03#,0.1207
#399300.SZ#,#600115.SH#,#2019-06-03#,0.2108
#399300.SZ#,#600111.SH#,#2019-06-03#,0.2467
#399300.SZ#,#600109.SH#,#2019-06-03#,0.1946
#399300.SZ#,#600104.SH#,#2019-06-03#,0.7544
#399300.SZ#,#600100.SH#,#2019-06-03#,0.1777
#399300.SZ#,#600089.SH#,#2019-06-03#,0.2346
#399300.SZ#,#600085.SH#,#2019-06-03#,0.1420
#399300.SZ#,#600068.SH#,#2019-06-03#,0.1499
#399300.SZ#,#600066.SH#,#2019-06-03#,0.1431
#399300.SZ#,#600061.SH#,#2019-06-03#,0.0928
#399300.SZ#,#600038.SH#,#2019-06-03#,0.1042
#399300.SZ#,#600036.SH#,#2019-06-03#,3.1298
#399300.SZ#,#600028.SH#,#2019-06-03#,0.5961
#399300.SZ#,#600019.SH#,#2019-06-03#,0.5013
#399300.SZ#,#600016.SH#,#2019-06-03#,1.3510
#399300.SZ#,#600011.SH#,#2019-06-03#,0.2557
#399300.SZ#,#601138.SH#,#2019-06-03#,0.1395
#399300.SZ#,#600010.SH#,#2019-06-03#,0.2799
#399300.SZ#,#001965.SZ#,#2019-06-03#,0.0400
#399300.SZ#,#600009.SH#,#2019-06-03#,0.5919
#399300.SZ#,#603259.SH#,#2019-06-03#,0.0724
#399300.SZ#,#600000.SH#,#2019-06-03#,1.1682
